circle,,,,,
appearance,,,,,
fillColor,fill[2]hsb,fill[3]hsl,strokeCmyk,stroke[2]Lab,stroke[3]grayscale
RGB / CMYK 3 or 4 Values,HSB,HSL,CMYK,LAB,GRAYSCALE
"100, 0, 0, 0 global ""Cyan""","126, 99, 68","260, 63, 54","""C=10 Y=86 M=93 K=5"" spot 10, 93, 86, 5","""L=46 A=23 B=47"" 46, 23, 47",93
"134, 183, 226 global ""Fill 1 Global RGB Swatch""","28, 60, 79","243, 97, 59","""C=75 Y=7 M=22 K=8"" spot 75, 22, 7, 8","""L=85 A=73 B=53"" 85, 73, 53",77
"8, 43, 86, 7 ""Fill 1 CMYK Swatch""","223, 86, 84","311, 52, 40","""C=40 Y=40 M=83 K=18"" spot 40, 83, 40, 18","""L=60 A=37 B=38"" 60, 37, 38",57
"82, 36, 8 ""Fill 1 RGB Swatch""","41, 88, 81","154, 99, 52","""C=81 Y=95 M=90 K=9"" spot 81, 90, 95, 9","""L=32 A=-12 B=-125"" 32, -12, -125",28
"254, 110, 46 global ""Fill 1 Global RGB Swatch""","344, 83, 61","238, 71, 55","""C=37 Y=90 M=84 K=19"" spot 37, 84, 90, 19","""L=51 A=14 B=62"" 51, 14, 62",47
"61, 148, 63 global ""Fill 1 Global RGB Swatch""","315, 76, 88","213, 90, 40","""C=13 Y=90 M=6 K=17"" spot 13, 6, 90, 17","""L=30 A=39 B=42"" 30, 39, 42",23
"18, 14, 94, 3 global ""Fill 1 Global CMYK Swatch""","190, 79, 91","40, 50, 45","""C=43 Y=68 M=20 K=10"" spot 43, 20, 68, 10","""L=12 A=113 B=-11"" 12, 113, -11",24
"38, 18, 55, 16 ""Fill 1 CMYK Swatch""","284, 65, 90","277, 60, 58","""C=85 Y=15 M=59 K=6"" spot 85, 59, 15, 6","""L=8 A=57 B=99"" 8, 57, 99",26
"229, 25, 206 ""Fill 1 RGB Swatch""","208, 65, 99","316, 62, 46","""C=80 Y=52 M=6 K=19"" spot 80, 6, 52, 19","""L=2 A=64 B=14"" 2, 64, 14",11
"41, 90, 9, 7 global ""Fill 1 Global CMYK Swatch""","136, 97, 82","291, 74, 55","""C=47 Y=15 M=42 K=7"" spot 47, 42, 15, 7","""L=77 A=46 B=82"" 77, 46, 82",35
"72, 96, 70, 4 global ""Fill 1 Global CMYK Swatch""","62, 66, 60","93, 52, 47","""C=32 Y=76 M=74 K=2"" spot 32, 74, 76, 2","""L=70 A=-18 B=43"" 70, -18, 43",35
"94, 9, 54, 14 global ""Fill 1 Global CMYK Swatch""","280, 86, 63","186, 71, 47","""C=81 Y=59 M=45 K=3"" spot 81, 45, 59, 3","""L=94 A=63 B=-74"" 94, 63, -74",67
"76, 18, 97, 5 global ""Fill 1 Global CMYK Swatch""","28, 75, 95","294, 99, 60","""C=100 Y=37 M=71 K=10"" spot 100, 71, 37, 10","""L=85 A=-105 B=-82"" 85, -105, -82",97
"88, 40, 53, 18 global ""Fill 1 Global CMYK Swatch""","301, 98, 99","355, 100, 57","""C=86 Y=70 M=44 K=10"" spot 86, 44, 70, 10","""L=55 A=-39 B=-110"" 55, -39, -110",5
"15, 66, 29, 15 global ""Fill 1 Global CMYK Swatch""","177, 80, 67","135, 52, 59","""C=61 Y=100 M=83 K=18"" spot 61, 83, 100, 18","""L=43 A=-98 B=48"" 43, -98, 48",80
"95, 183, 144 ""Fill 1 RGB Swatch""","76, 81, 64","176, 86, 45","""C=94 Y=49 M=44 K=15"" spot 94, 44, 49, 15","""L=80 A=-56 B=75"" 80, -56, 75",2
"64, 2, 47, 12 global ""Fill 1 Global CMYK Swatch""","188, 76, 95","30, 52, 53","""C=77 Y=8 M=100 K=13"" spot 77, 100, 8, 13","""L=80 A=34 B=-54"" 80, 34, -54",12
"78, 26, 14, 16 global ""Fill 1 Global CMYK Swatch""","30, 77, 80","318, 96, 48","""C=90 Y=92 M=84 K=17"" spot 90, 84, 92, 17","""L=12 A=-57 B=-17"" 12, -57, -17",65
"37, 40, 57, 13 global ""Fill 1 Global CMYK Swatch""","215, 94, 69","40, 55, 50","""C=89 Y=9 M=42 K=13"" spot 89, 42, 9, 13","""L=27 A=118 B=-107"" 27, 118, -107",12
"74, 7, 88 global ""Fill 1 Global RGB Swatch""","7, 96, 92","211, 97, 49","""C=12 Y=95 M=70 K=13"" spot 12, 70, 95, 13","""L=20 A=14 B=91"" 20, 14, 91",42
"145, 34, 254 global ""Fill 1 Global RGB Swatch""","295, 65, 93","274, 89, 58","""C=40 Y=34 M=58 K=0"" spot 40, 58, 34, 0","""L=23 A=70 B=-102"" 23, 70, -102",98
"100, 57, 30 global ""Fill 1 Global RGB Swatch""","104, 93, 79","67, 65, 42","""C=66 Y=5 M=42 K=0"" spot 66, 42, 5, 0","""L=78 A=117 B=80"" 78, 117, 80",8
"53, 8, 25 global ""Fill 1 Global RGB Swatch""","212, 89, 93","32, 83, 54","""C=18 Y=15 M=71 K=0"" spot 18, 71, 15, 0","""L=94 A=-28 B=-118"" 94, -28, -118",16
"83, 64, 96, 14 global ""Fill 1 Global CMYK Swatch""","348, 73, 82","40, 76, 45","""C=96 Y=64 M=95 K=19"" spot 96, 95, 64, 19","""L=27 A=126 B=77"" 27, 126, 77",86
"191, 98, 120 ""Fill 1 RGB Swatch""","151, 72, 95","343, 58, 55","""C=10 Y=70 M=52 K=16"" spot 10, 52, 70, 16","""L=76 A=-56 B=85"" 76, -56, 85",48
"88, 31, 21, 19 ""Fill 1 CMYK Swatch""","165, 86, 74","43, 86, 48","""C=16 Y=33 M=62 K=0"" spot 16, 62, 33, 0","""L=22 A=-104 B=44"" 22, -104, 44",18
"71, 43, 21, 2 global ""Fill 1 Global CMYK Swatch""","134, 82, 98","245, 51, 52","""C=10 Y=71 M=27 K=14"" spot 10, 27, 71, 14","""L=48 A=-4 B=81"" 48, -4, 81",1
"45, 95, 5, 19 ""Fill 1 CMYK Swatch""","303, 98, 93","84, 55, 41","""C=18 Y=62 M=62 K=18"" spot 18, 62, 62, 18","""L=75 A=-5 B=53"" 75, -5, 53",87
"40, 82, 68, 10 ""Fill 1 CMYK Swatch""","135, 76, 90","147, 100, 52","""C=1 Y=37 M=67 K=19"" spot 1, 67, 37, 19","""L=53 A=7 B=9"" 53, 7, 9",2
"21, 52, 15 ""Fill 1 RGB Swatch""","198, 89, 78","60, 91, 59","""C=23 Y=14 M=28 K=5"" spot 23, 28, 14, 5","""L=74 A=-99 B=-15"" 74, -99, -15",12
"31, 67, 64, 18 global ""Fill 1 Global CMYK Swatch""","23, 96, 96","360, 77, 42","""C=82 Y=65 M=27 K=2"" spot 82, 27, 65, 2","""L=7 A=-21 B=-1"" 7, -21, -1",29
"34, 251, 126 global ""Fill 1 Global RGB Swatch""","77, 71, 71","136, 72, 44","""C=31 Y=74 M=76 K=1"" spot 31, 76, 74, 1","""L=23 A=22 B=-72"" 23, 22, -72",38
"35, 8, 31, 0 global ""Fill 1 Global CMYK Swatch""","195, 70, 60","116, 68, 52","""C=22 Y=83 M=61 K=11"" spot 22, 61, 83, 11","""L=61 A=-5 B=62"" 61, -5, 62",90
"11, 22, 5 ""Fill 1 RGB Swatch""","279, 71, 74","263, 64, 43","""C=61 Y=7 M=62 K=18"" spot 61, 62, 7, 18","""L=91 A=-88 B=-66"" 91, -88, -66",61
"180, 17, 55 ""Fill 1 RGB Swatch""","188, 71, 97","230, 96, 52","""C=52 Y=62 M=26 K=3"" spot 52, 26, 62, 3","""L=63 A=19 B=-114"" 63, 19, -114",68
"36, 47, 70, 11 ""Fill 1 CMYK Swatch""","95, 93, 99","279, 67, 55","""C=61 Y=2 M=3 K=14"" spot 61, 3, 2, 14","""L=9 A=108 B=111"" 9, 108, 111",68
"155, 41, 228 global ""Fill 1 Global RGB Swatch""","344, 98, 68","89, 79, 51","""C=45 Y=49 M=80 K=4"" spot 45, 80, 49, 4","""L=43 A=86 B=94"" 43, 86, 94",8
"63, 64, 43, 13 ""Fill 1 CMYK Swatch""","18, 81, 67","26, 57, 53","""C=24 Y=3 M=19 K=5"" spot 24, 19, 3, 5","""L=94 A=81 B=-54"" 94, 81, -54",41
"2, 172, 9 global ""Fill 1 Global RGB Swatch""","114, 79, 60","133, 84, 48","""C=55 Y=80 M=92 K=20"" spot 55, 92, 80, 20","""L=51 A=9 B=41"" 51, 9, 41",88
"45, 59, 37 ""Fill 1 RGB Swatch""","43, 88, 95","235, 64, 47","""C=1 Y=40 M=11 K=8"" spot 1, 11, 40, 8","""L=33 A=-71 B=-36"" 33, -71, -36",86
"92, 58, 30, 10 ""Fill 1 CMYK Swatch""","266, 68, 73","164, 51, 40","""C=52 Y=77 M=4 K=7"" spot 52, 4, 77, 7","""L=99 A=2 B=-14"" 99, 2, -14",66
"206, 169, 67 global ""Fill 1 Global RGB Swatch""","53, 66, 91","21, 97, 49","""C=25 Y=68 M=83 K=19"" spot 25, 83, 68, 19","""L=8 A=57 B=-9"" 8, 57, -9",65
"64, 58, 4, 16 ""Fill 1 CMYK Swatch""","13, 69, 62","269, 91, 41","""C=93 Y=64 M=74 K=5"" spot 93, 74, 64, 5","""L=79 A=-108 B=61"" 79, -108, 61",39
"5, 46, 97, 3 ""Fill 1 CMYK Swatch""","4, 99, 75","126, 83, 45","""C=92 Y=54 M=39 K=11"" spot 92, 39, 54, 11","""L=45 A=-5 B=-14"" 45, -5, -14",70
"13, 76, 56, 1 ""Fill 1 CMYK Swatch""","351, 78, 97","175, 52, 52","""C=0 Y=99 M=8 K=20"" spot 0, 8, 99, 20","""L=44 A=57 B=54"" 44, 57, 54",40
"91, 84, 68, 20 global ""Fill 1 Global CMYK Swatch""","230, 90, 68","231, 78, 43","""C=68 Y=63 M=48 K=5"" spot 68, 48, 63, 5","""L=41 A=-114 B=32"" 41, -114, 32",52
"73, 178, 223 global ""Fill 1 Global RGB Swatch""","244, 80, 63","255, 100, 52","""C=21 Y=31 M=100 K=11"" spot 21, 100, 31, 11","""L=54 A=-70 B=10"" 54, -70, 10",32
"24, 73, 4, 14 global ""Fill 1 Global CMYK Swatch""","341, 62, 94","31, 93, 49","""C=24 Y=34 M=41 K=5"" spot 24, 41, 34, 5","""L=16 A=-102 B=-10"" 16, -102, -10",68
"52, 79, 74, 16 ""Fill 1 CMYK Swatch""","202, 72, 87","228, 79, 41","""C=55 Y=29 M=59 K=5"" spot 55, 59, 29, 5","""L=88 A=2 B=11"" 88, 2, 11",24
"6, 20, 2, 14 ""Fill 1 CMYK Swatch""","66, 98, 66","258, 73, 60","""C=34 Y=81 M=55 K=7"" spot 34, 55, 81, 7","""L=53 A=85 B=105"" 53, 85, 105",56
"84, 8, 184 ""Fill 1 RGB Swatch""","33, 60, 80","270, 74, 54","""C=57 Y=78 M=86 K=8"" spot 57, 86, 78, 8","""L=38 A=-111 B=-53"" 38, -111, -53",98
"53, 54, 45, 10 global ""Fill 1 Global CMYK Swatch""","160, 98, 68","233, 64, 60","""C=18 Y=85 M=28 K=12"" spot 18, 28, 85, 12","""L=81 A=-73 B=-97"" 81, -73, -97",64
"93, 68, 36, 5 global ""Fill 1 Global CMYK Swatch""","30, 92, 71","223, 52, 45","""C=9 Y=20 M=79 K=16"" spot 9, 79, 20, 16","""L=4 A=-125 B=67"" 4, -125, 67",21
"45, 79, 10 ""Fill 1 RGB Swatch""","8, 70, 71","279, 61, 41","""C=87 Y=89 M=64 K=17"" spot 87, 64, 89, 17","""L=99 A=-33 B=-97"" 99, -33, -97",99
"92, 203, 80 global ""Fill 1 Global RGB Swatch""","113, 98, 65","152, 57, 57","""C=31 Y=47 M=67 K=19"" spot 31, 67, 47, 19","""L=71 A=-102 B=-97"" 71, -102, -97",93
"60, 31, 21, 1 global ""Fill 1 Global CMYK Swatch""","343, 94, 69","261, 60, 40","""C=52 Y=87 M=100 K=14"" spot 52, 100, 87, 14","""L=77 A=-83 B=-47"" 77, -83, -47",57
"72, 100, 80, 15 global ""Fill 1 Global CMYK Swatch""","216, 73, 94","250, 56, 45","""C=49 Y=56 M=52 K=0"" spot 49, 52, 56, 0","""L=80 A=55 B=116"" 80, 55, 116",8
"20, 52, 90, 19 ""Fill 1 CMYK Swatch""","27, 94, 97","71, 69, 47","""C=77 Y=16 M=84 K=8"" spot 77, 84, 16, 8","""L=61 A=-83 B=20"" 61, -83, 20",91
"32, 6, 92, 15 ""Fill 1 CMYK Swatch""","84, 89, 80","303, 90, 53","""C=67 Y=68 M=39 K=16"" spot 67, 39, 68, 16","""L=81 A=-72 B=-119"" 81, -72, -119",13
"8, 83, 85, 13 global ""Fill 1 Global CMYK Swatch""","178, 75, 96","229, 98, 40","""C=29 Y=2 M=86 K=9"" spot 29, 86, 2, 9","""L=39 A=-82 B=64"" 39, -82, 64",86
"203, 166, 164 ""Fill 1 RGB Swatch""","137, 82, 78","160, 98, 46","""C=68 Y=28 M=48 K=10"" spot 68, 48, 28, 10","""L=93 A=53 B=-87"" 93, 53, -87",73
"110, 72, 142 global ""Fill 1 Global RGB Swatch""","355, 76, 86","13, 98, 59","""C=76 Y=59 M=73 K=6"" spot 76, 73, 59, 6","""L=95 A=99 B=-33"" 95, 99, -33",5
"149, 25, 0 global ""Fill 1 Global RGB Swatch""","350, 89, 83","50, 50, 54","""C=98 Y=34 M=83 K=15"" spot 98, 83, 34, 15","""L=51 A=28 B=97"" 51, 28, 97",23
"58, 55, 89, 10 global ""Fill 1 Global CMYK Swatch""","220, 76, 62","21, 94, 55","""C=6 Y=92 M=75 K=0"" spot 6, 75, 92, 0","""L=87 A=87 B=115"" 87, 87, 115",78
"15, 160, 238 global ""Fill 1 Global RGB Swatch""","332, 70, 67","201, 91, 42","""C=79 Y=84 M=67 K=19"" spot 79, 67, 84, 19","""L=59 A=-15 B=32"" 59, -15, 32",96
"79, 116, 44 ""Fill 1 RGB Swatch""","182, 85, 99","314, 98, 55","""C=51 Y=97 M=14 K=19"" spot 51, 14, 97, 19","""L=80 A=52 B=-50"" 80, 52, -50",21
"71, 140, 92 ""Fill 1 RGB Swatch""","193, 60, 85","94, 81, 46","""C=37 Y=46 M=22 K=7"" spot 37, 22, 46, 7","""L=97 A=76 B=35"" 97, 76, 35",62
"52, 20, 50, 13 ""Fill 1 CMYK Swatch""","148, 95, 69","355, 79, 59","""C=94 Y=28 M=86 K=2"" spot 94, 86, 28, 2","""L=57 A=114 B=16"" 57, 114, 16",36
"21, 89, 5, 6 ""Fill 1 CMYK Swatch""","69, 72, 65","47, 93, 41","""C=35 Y=36 M=0 K=1"" spot 35, 0, 36, 1","""L=19 A=-22 B=47"" 19, -22, 47",70
"97, 231, 50 ""Fill 1 RGB Swatch""","125, 81, 92","257, 86, 43","""C=8 Y=48 M=78 K=14"" spot 8, 78, 48, 14","""L=29 A=-76 B=-35"" 29, -76, -35",50
"87, 30, 43, 16 ""Fill 1 CMYK Swatch""","55, 79, 77","171, 77, 58","""C=32 Y=95 M=7 K=6"" spot 32, 7, 95, 6","""L=74 A=33 B=-46"" 74, 33, -46",62
"80, 98, 66, 11 ""Fill 1 CMYK Swatch""","339, 61, 78","92, 57, 58","""C=24 Y=75 M=44 K=9"" spot 24, 44, 75, 9","""L=47 A=-13 B=-77"" 47, -13, -77",49
"77, 82, 80, 18 global ""Fill 1 Global CMYK Swatch""","200, 89, 73","120, 73, 46","""C=78 Y=58 M=86 K=18"" spot 78, 86, 58, 18","""L=2 A=39 B=11"" 2, 39, 11",61
"96, 54, 76, 13 ""Fill 1 CMYK Swatch""","9, 85, 89","326, 69, 60","""C=7 Y=93 M=10 K=20"" spot 7, 10, 93, 20","""L=31 A=10 B=117"" 31, 10, 117",10
"69, 37, 73, 6 global ""Fill 1 Global CMYK Swatch""","201, 93, 75","206, 93, 54","""C=49 Y=10 M=80 K=14"" spot 49, 80, 10, 14","""L=19 A=-9 B=105"" 19, -9, 105",66
"227, 156, 26 global ""Fill 1 Global RGB Swatch""","99, 63, 86","16, 82, 59","""C=72 Y=59 M=38 K=18"" spot 72, 38, 59, 18","""L=55 A=-85 B=-37"" 55, -85, -37",49
"68, 30, 22, 17 global ""Fill 1 Global CMYK Swatch""","177, 83, 84","223, 53, 59","""C=23 Y=23 M=11 K=20"" spot 23, 11, 23, 20","""L=79 A=-41 B=122"" 79, -41, 122",24
"148, 130, 52 global ""Fill 1 Global RGB Swatch""","207, 94, 77","223, 84, 45","""C=16 Y=80 M=95 K=11"" spot 16, 95, 80, 11","""L=62 A=-56 B=93"" 62, -56, 93",73
"8, 18, 26, 9 global ""Fill 1 Global CMYK Swatch""","84, 89, 87","46, 64, 46","""C=21 Y=3 M=30 K=19"" spot 21, 30, 3, 19","""L=86 A=53 B=-22"" 86, 53, -22",50
"139, 116, 71 ""Fill 1 RGB Swatch""","105, 69, 70","79, 93, 54","""C=28 Y=24 M=55 K=11"" spot 28, 55, 24, 11","""L=36 A=80 B=97"" 36, 80, 97",13
"65, 204, 13 global ""Fill 1 Global RGB Swatch""","270, 63, 89","191, 50, 59","""C=50 Y=95 M=65 K=15"" spot 50, 65, 95, 15","""L=5 A=-25 B=40"" 5, -25, 40",20
"16, 68, 91, 3 ""Fill 1 CMYK Swatch""","77, 91, 64","250, 77, 50","""C=22 Y=6 M=50 K=8"" spot 22, 50, 6, 8","""L=11 A=70 B=25"" 11, 70, 25",3
"70, 113, 219 global ""Fill 1 Global RGB Swatch""","164, 95, 77","19, 62, 44","""C=23 Y=33 M=16 K=15"" spot 23, 16, 33, 15","""L=79 A=-110 B=-105"" 79, -110, -105",56
"198, 255, 218 ""Fill 1 RGB Swatch""","308, 72, 98","97, 54, 48","""C=66 Y=69 M=92 K=13"" spot 66, 92, 69, 13","""L=75 A=-127 B=46"" 75, -127, 46",15
"233, 15, 238 global ""Fill 1 Global RGB Swatch""","307, 91, 97","260, 69, 40","""C=87 Y=90 M=57 K=17"" spot 87, 57, 90, 17","""L=53 A=107 B=114"" 53, 107, 114",0
"16, 180, 145 ""Fill 1 RGB Swatch""","250, 84, 63","101, 76, 44","""C=38 Y=55 M=62 K=5"" spot 38, 62, 55, 5","""L=37 A=127 B=-46"" 37, 127, -46",3
"16, 49, 36, 10 global ""Fill 1 Global CMYK Swatch""","54, 79, 62","156, 51, 58","""C=66 Y=3 M=40 K=1"" spot 66, 40, 3, 1","""L=13 A=-112 B=-24"" 13, -112, -24",55
"52, 142, 68 global ""Fill 1 Global RGB Swatch""","212, 63, 91","353, 63, 54","""C=77 Y=1 M=16 K=20"" spot 77, 16, 1, 20","""L=8 A=15 B=-54"" 8, 15, -54",63
"43, 132, 174 ""Fill 1 RGB Swatch""","43, 71, 79","65, 91, 55","""C=95 Y=76 M=55 K=3"" spot 95, 55, 76, 3","""L=61 A=-26 B=-1"" 61, -26, -1",24
"69, 22, 38, 15 global ""Fill 1 Global CMYK Swatch""","263, 80, 82","132, 97, 60","""C=18 Y=21 M=1 K=13"" spot 18, 1, 21, 13","""L=53 A=29 B=105"" 53, 29, 105",19
"66, 204, 79 ""Fill 1 RGB Swatch""","327, 73, 76","350, 91, 59","""C=92 Y=100 M=3 K=8"" spot 92, 3, 100, 8","""L=56 A=35 B=59"" 56, 35, 59",86
"46, 190, 100 ""Fill 1 RGB Swatch""","148, 80, 90","293, 90, 41","""C=51 Y=15 M=22 K=18"" spot 51, 22, 15, 18","""L=40 A=-56 B=-100"" 40, -56, -100",73
"16, 81, 228 ""Fill 1 RGB Swatch""","253, 84, 64","5, 88, 52","""C=59 Y=74 M=97 K=11"" spot 59, 97, 74, 11","""L=15 A=-49 B=100"" 15, -49, 100",44
"32, 84, 244 ""Fill 1 RGB Swatch""","328, 72, 74","168, 54, 60","""C=11 Y=43 M=32 K=18"" spot 11, 32, 43, 18","""L=95 A=4 B=50"" 95, 4, 50",72
"188, 212, 244 global ""Fill 1 Global RGB Swatch""","299, 95, 69","106, 79, 59","""C=27 Y=94 M=47 K=16"" spot 27, 47, 94, 16","""L=6 A=-118 B=47"" 6, -118, 47",47
"18, 140, 58 global ""Fill 1 Global RGB Swatch""","344, 95, 93","328, 59, 42","""C=25 Y=9 M=57 K=1"" spot 25, 57, 9, 1","""L=15 A=-116 B=110"" 15, -116, 110",97
"63, 92, 27, 17 global ""Fill 1 Global CMYK Swatch""","246, 62, 90","288, 95, 50","""C=3 Y=32 M=82 K=19"" spot 3, 82, 32, 19","""L=15 A=-121 B=-24"" 15, -121, -24",60
"227, 53, 40 ""Fill 1 RGB Swatch""","207, 83, 92","52, 71, 40","""C=36 Y=18 M=22 K=15"" spot 36, 22, 18, 15","""L=81 A=57 B=9"" 81, 57, 9",45
"93, 57, 96, 13 ""Fill 1 CMYK Swatch""","24, 81, 62","315, 96, 48","""C=96 Y=39 M=6 K=14"" spot 96, 6, 39, 14","""L=89 A=-50 B=-5"" 89, -50, -5",0
"4, 124, 176 global ""Fill 1 Global RGB Swatch""","93, 88, 63","45, 94, 56","""C=18 Y=9 M=1 K=20"" spot 18, 1, 9, 20","""L=93 A=16 B=-115"" 93, 16, -115",30
"71, 8, 51, 0 ""Fill 1 CMYK Swatch""","2, 66, 96","251, 87, 57","""C=31 Y=82 M=76 K=5"" spot 31, 76, 82, 5","""L=57 A=53 B=-73"" 57, 53, -73",67
"50, 17, 129 global ""Fill 1 Global RGB Swatch""","111, 99, 71","104, 59, 43","""C=80 Y=92 M=26 K=10"" spot 80, 26, 92, 10","""L=77 A=35 B=-69"" 77, 35, -69",11
"5, 59, 190 global ""Fill 1 Global RGB Swatch""","81, 82, 85","355, 100, 43","""C=99 Y=64 M=3 K=3"" spot 99, 3, 64, 3","""L=61 A=104 B=114"" 61, 104, 114",11
"154, 144, 43 global ""Fill 1 Global RGB Swatch""","259, 76, 89","297, 88, 51","""C=72 Y=5 M=45 K=7"" spot 72, 45, 5, 7","""L=100 A=59 B=-43"" 100, 59, -43",28
"62, 199, 11 ""Fill 1 RGB Swatch""","142, 81, 73","278, 96, 55","""C=28 Y=73 M=38 K=18"" spot 28, 38, 73, 18","""L=13 A=112 B=52"" 13, 112, 52",83
"12, 38, 230 ""Fill 1 RGB Swatch""","125, 82, 90","201, 52, 58","""C=3 Y=53 M=92 K=7"" spot 3, 92, 53, 7","""L=2 A=-32 B=88"" 2, -32, 88",1
"95, 87, 54, 19 global ""Fill 1 Global CMYK Swatch""","313, 81, 68","91, 82, 52","""C=50 Y=18 M=36 K=11"" spot 50, 36, 18, 11","""L=71 A=-16 B=73"" 71, -16, 73",3
"91, 29, 42, 4 ""Fill 1 CMYK Swatch""","290, 100, 61","126, 55, 58","""C=4 Y=12 M=38 K=10"" spot 4, 38, 12, 10","""L=94 A=49 B=-81"" 94, 49, -81",7
"14, 25, 41, 1 global ""Fill 1 Global CMYK Swatch""","267, 70, 79","176, 60, 48","""C=12 Y=99 M=25 K=18"" spot 12, 25, 99, 18","""L=27 A=-111 B=-24"" 27, -111, -24",81
"46, 52, 80, 8 ""Fill 1 CMYK Swatch""","52, 75, 87","314, 90, 60","""C=54 Y=5 M=74 K=2"" spot 54, 74, 5, 2","""L=1 A=48 B=64"" 1, 48, 64",83
"237, 118, 103 ""Fill 1 RGB Swatch""","85, 99, 99","87, 82, 50","""C=38 Y=55 M=96 K=19"" spot 38, 96, 55, 19","""L=96 A=-84 B=-92"" 96, -84, -92",77
"34, 60, 56, 18 global ""Fill 1 Global CMYK Swatch""","192, 69, 87","358, 92, 57","""C=24 Y=40 M=48 K=14"" spot 24, 48, 40, 14","""L=18 A=-111 B=87"" 18, -111, 87",31
"233, 95, 183 ""Fill 1 RGB Swatch""","222, 72, 67","165, 97, 45","""C=77 Y=54 M=91 K=7"" spot 77, 91, 54, 7","""L=34 A=-44 B=-104"" 34, -44, -104",31
"2, 37, 70 ""Fill 1 RGB Swatch""","248, 87, 61","106, 97, 54","""C=53 Y=54 M=48 K=7"" spot 53, 48, 54, 7","""L=42 A=26 B=88"" 42, 26, 88",51
"91, 120, 116 global ""Fill 1 Global RGB Swatch""","53, 99, 92","285, 97, 58","""C=87 Y=73 M=59 K=0"" spot 87, 59, 73, 0","""L=76 A=-51 B=42"" 76, -51, 42",16
"59, 28, 73, 10 ""Fill 1 CMYK Swatch""","306, 74, 81","74, 55, 53","""C=24 Y=45 M=72 K=17"" spot 24, 72, 45, 17","""L=50 A=-19 B=-120"" 50, -19, -120",20
"105, 51, 98 ""Fill 1 RGB Swatch""","183, 92, 64","211, 91, 44","""C=19 Y=24 M=0 K=7"" spot 19, 0, 24, 7","""L=77 A=100 B=34"" 77, 100, 34",73
"85, 99, 56, 13 ""Fill 1 CMYK Swatch""","120, 67, 68","197, 91, 42","""C=67 Y=64 M=39 K=0"" spot 67, 39, 64, 0","""L=38 A=15 B=-23"" 38, 15, -23",76
"237, 28, 45 global ""Fill 1 Global RGB Swatch""","292, 71, 63","109, 76, 46","""C=22 Y=21 M=83 K=5"" spot 22, 83, 21, 5","""L=96 A=73 B=-116"" 96, 73, -116",80
"22, 33, 88, 17 global ""Fill 1 Global CMYK Swatch""","177, 80, 63","295, 99, 50","""C=83 Y=59 M=17 K=5"" spot 83, 17, 59, 5","""L=3 A=105 B=-125"" 3, 105, -125",37
"20, 221, 26 global ""Fill 1 Global RGB Swatch""","3, 78, 73","87, 68, 57","""C=68 Y=31 M=64 K=3"" spot 68, 64, 31, 3","""L=1 A=44 B=100"" 1, 44, 100",37
"32, 39, 71, 5 global ""Fill 1 Global CMYK Swatch""","193, 76, 82","273, 100, 47","""C=71 Y=55 M=83 K=3"" spot 71, 83, 55, 3","""L=70 A=45 B=63"" 70, 45, 63",68
"36, 27, 93, 9 global ""Fill 1 Global CMYK Swatch""","225, 76, 68","31, 77, 57","""C=17 Y=19 M=63 K=10"" spot 17, 63, 19, 10","""L=42 A=49 B=-120"" 42, 49, -120",28
"20, 97, 28, 0 ""Fill 1 CMYK Swatch""","20, 72, 69","211, 62, 40","""C=67 Y=1 M=35 K=9"" spot 67, 35, 1, 9","""L=15 A=-85 B=43"" 15, -85, 43",54
"7, 28, 31, 5 global ""Fill 1 Global CMYK Swatch""","178, 99, 94","96, 64, 53","""C=77 Y=38 M=12 K=17"" spot 77, 12, 38, 17","""L=75 A=-25 B=84"" 75, -25, 84",84
"35, 61, 165 global ""Fill 1 Global RGB Swatch""","250, 63, 67","33, 84, 47","""C=11 Y=51 M=89 K=9"" spot 11, 89, 51, 9","""L=35 A=-68 B=-53"" 35, -68, -53",21
"103, 78, 12 global ""Fill 1 Global RGB Swatch""","176, 64, 93","243, 76, 55","""C=10 Y=76 M=59 K=7"" spot 10, 59, 76, 7","""L=37 A=-56 B=-116"" 37, -56, -116",3
"99, 56, 24 ""Fill 1 RGB Swatch""","41, 71, 73","123, 59, 40","""C=84 Y=20 M=10 K=2"" spot 84, 10, 20, 2","""L=15 A=-54 B=6"" 15, -54, 6",81
"77, 30, 51, 13 global ""Fill 1 Global CMYK Swatch""","75, 65, 63","329, 83, 56","""C=100 Y=81 M=20 K=12"" spot 100, 20, 81, 12","""L=87 A=1 B=-19"" 87, 1, -19",100
"75, 8, 64, 7 ""Fill 1 CMYK Swatch""","247, 92, 72","276, 84, 52","""C=25 Y=94 M=3 K=9"" spot 25, 3, 94, 9","""L=12 A=23 B=-46"" 12, 23, -46",56
"162, 225, 179 global ""Fill 1 Global RGB Swatch""","84, 61, 65","319, 91, 47","""C=66 Y=21 M=18 K=11"" spot 66, 18, 21, 11","""L=39 A=90 B=-51"" 39, 90, -51",88
"85, 233, 85 global ""Fill 1 Global RGB Swatch""","178, 92, 62","321, 88, 59","""C=67 Y=68 M=32 K=15"" spot 67, 32, 68, 15","""L=43 A=-12 B=-47"" 43, -12, -47",64
"44, 161, 186 ""Fill 1 RGB Swatch""","145, 90, 66","181, 53, 43","""C=96 Y=75 M=20 K=14"" spot 96, 20, 75, 14","""L=98 A=110 B=56"" 98, 110, 56",10
"44, 47, 122 ""Fill 1 RGB Swatch""","237, 83, 63","270, 52, 44","""C=53 Y=78 M=40 K=2"" spot 53, 40, 78, 2","""L=44 A=-60 B=-3"" 44, -60, -3",52
"37, 209, 117 ""Fill 1 RGB Swatch""","185, 66, 70","198, 68, 49","""C=44 Y=29 M=48 K=16"" spot 44, 48, 29, 16","""L=98 A=-83 B=-3"" 98, -83, -3",35
"33, 4, 49, 3 global ""Fill 1 Global CMYK Swatch""","200, 91, 96","333, 55, 46","""C=25 Y=47 M=89 K=2"" spot 25, 89, 47, 2","""L=47 A=-73 B=-64"" 47, -73, -64",55
"233, 231, 1 global ""Fill 1 Global RGB Swatch""","312, 88, 77","332, 75, 41","""C=66 Y=23 M=62 K=16"" spot 66, 62, 23, 16","""L=16 A=-37 B=-111"" 16, -37, -111",96
"18, 93, 53, 15 global ""Fill 1 Global CMYK Swatch""","263, 97, 70","59, 74, 52","""C=27 Y=53 M=89 K=1"" spot 27, 89, 53, 1","""L=41 A=-9 B=-28"" 41, -9, -28",77
"4, 207, 158 global ""Fill 1 Global RGB Swatch""","234, 90, 82","49, 60, 58","""C=4 Y=80 M=98 K=10"" spot 4, 98, 80, 10","""L=57 A=-109 B=-80"" 57, -109, -80",67
"56, 46, 46, 11 global ""Fill 1 Global CMYK Swatch""","112, 94, 69","289, 89, 48","""C=86 Y=91 M=51 K=0"" spot 86, 51, 91, 0","""L=98 A=-112 B=-120"" 98, -112, -120",94
"73, 105, 109 ""Fill 1 RGB Swatch""","15, 81, 65","87, 75, 44","""C=70 Y=70 M=25 K=7"" spot 70, 25, 70, 7","""L=15 A=-60 B=112"" 15, -60, 112",54
"76, 85, 46, 6 global ""Fill 1 Global CMYK Swatch""","277, 86, 86","294, 91, 59","""C=20 Y=16 M=88 K=11"" spot 20, 88, 16, 11","""L=1 A=-35 B=-124"" 1, -35, -124",63
"252, 177, 22 global ""Fill 1 Global RGB Swatch""","55, 87, 89","339, 77, 41","""C=34 Y=87 M=44 K=2"" spot 34, 44, 87, 2","""L=85 A=-9 B=-97"" 85, -9, -97",8
"99, 39, 45, 17 global ""Fill 1 Global CMYK Swatch""","282, 92, 92","285, 74, 51","""C=21 Y=81 M=88 K=14"" spot 21, 88, 81, 14","""L=14 A=-6 B=35"" 14, -6, 35",92
"208, 188, 55 global ""Fill 1 Global RGB Swatch""","22, 97, 70","290, 50, 53","""C=99 Y=84 M=66 K=17"" spot 99, 66, 84, 17","""L=45 A=23 B=-43"" 45, 23, -43",38
"64, 22, 25, 1 global ""Fill 1 Global CMYK Swatch""","168, 82, 82","1, 93, 49","""C=3 Y=57 M=29 K=1"" spot 3, 29, 57, 1","""L=90 A=110 B=-98"" 90, 110, -98",26
"19, 180, 201 ""Fill 1 RGB Swatch""","357, 90, 69","200, 71, 59","""C=47 Y=38 M=77 K=6"" spot 47, 77, 38, 6","""L=37 A=-44 B=7"" 37, -44, 7",68
"8, 84, 12, 5 ""Fill 1 CMYK Swatch""","176, 72, 93","233, 59, 45","""C=62 Y=67 M=74 K=2"" spot 62, 74, 67, 2","""L=16 A=-63 B=91"" 16, -63, 91",8
"97, 84, 32, 11 global ""Fill 1 Global CMYK Swatch""","80, 73, 95","209, 70, 55","""C=53 Y=9 M=86 K=3"" spot 53, 86, 9, 3","""L=52 A=3 B=-36"" 52, 3, -36",86
"51, 30, 87, 15 global ""Fill 1 Global CMYK Swatch""","297, 66, 87","128, 99, 49","""C=62 Y=35 M=77 K=11"" spot 62, 77, 35, 11","""L=98 A=-47 B=1"" 98, -47, 1",64
"105, 146, 88 ""Fill 1 RGB Swatch""","58, 62, 86","140, 83, 48","""C=58 Y=23 M=63 K=17"" spot 58, 63, 23, 17","""L=69 A=-68 B=126"" 69, -68, 126",80
"40, 251, 14 global ""Fill 1 Global RGB Swatch""","113, 86, 66","66, 98, 60","""C=92 Y=100 M=63 K=6"" spot 92, 63, 100, 6","""L=19 A=111 B=1"" 19, 111, 1",36
"2, 43, 6, 2 global ""Fill 1 Global CMYK Swatch""","16, 69, 63","353, 84, 50","""C=1 Y=39 M=41 K=18"" spot 1, 41, 39, 18","""L=89 A=-74 B=106"" 89, -74, 106",13
"69, 71, 94, 1 ""Fill 1 CMYK Swatch""","112, 68, 88","344, 94, 43","""C=29 Y=79 M=38 K=16"" spot 29, 38, 79, 16","""L=99 A=81 B=54"" 99, 81, 54",91
"86, 57, 122 ""Fill 1 RGB Swatch""","130, 99, 88","283, 58, 40","""C=17 Y=59 M=14 K=17"" spot 17, 14, 59, 17","""L=32 A=44 B=103"" 32, 44, 103",72
"110, 249, 64 ""Fill 1 RGB Swatch""","198, 76, 87","247, 88, 47","""C=56 Y=53 M=2 K=2"" spot 56, 2, 53, 2","""L=47 A=-71 B=21"" 47, -71, 21",55
"151, 7, 237 ""Fill 1 RGB Swatch""","232, 89, 69","196, 50, 48","""C=52 Y=87 M=11 K=9"" spot 52, 11, 87, 9","""L=83 A=40 B=84"" 83, 40, 84",6
"100, 29, 39, 8 ""Fill 1 CMYK Swatch""","124, 61, 82","53, 88, 50","""C=17 Y=45 M=65 K=17"" spot 17, 65, 45, 17","""L=85 A=104 B=-102"" 85, 104, -102",89
"62, 26, 33, 14 global ""Fill 1 Global CMYK Swatch""","265, 83, 76","300, 99, 60","""C=31 Y=12 M=10 K=1"" spot 31, 10, 12, 1","""L=40 A=-44 B=100"" 40, -44, 100",70
"3, 46, 58, 3 global ""Fill 1 Global CMYK Swatch""","230, 97, 90","197, 91, 55","""C=25 Y=40 M=20 K=18"" spot 25, 20, 40, 18","""L=78 A=82 B=112"" 78, 82, 112",28
"11, 246, 137 global ""Fill 1 Global RGB Swatch""","311, 70, 62","84, 98, 49","""C=51 Y=73 M=77 K=1"" spot 51, 77, 73, 1","""L=31 A=-82 B=-43"" 31, -82, -43",47
"219, 73, 42 global ""Fill 1 Global RGB Swatch""","249, 83, 67","282, 87, 52","""C=66 Y=17 M=3 K=3"" spot 66, 3, 17, 3","""L=38 A=-122 B=-113"" 38, -122, -113",64
"33, 13, 36, 3 global ""Fill 1 Global CMYK Swatch""","37, 92, 78","340, 76, 44","""C=14 Y=6 M=97 K=6"" spot 14, 97, 6, 6","""L=29 A=50 B=72"" 29, 50, 72",73
"74, 52, 12, 16 global ""Fill 1 Global CMYK Swatch""","344, 64, 79","287, 70, 42","""C=100 Y=58 M=36 K=16"" spot 100, 36, 58, 16","""L=41 A=36 B=-78"" 41, 36, -78",91
"244, 247, 82 global ""Fill 1 Global RGB Swatch""","162, 95, 63","220, 52, 60","""C=67 Y=70 M=22 K=16"" spot 67, 22, 70, 16","""L=86 A=106 B=116"" 86, 106, 116",94
"218, 235, 227 global ""Fill 1 Global RGB Swatch""","56, 88, 95","267, 78, 42","""C=65 Y=7 M=12 K=11"" spot 65, 12, 7, 11","""L=59 A=61 B=10"" 59, 61, 10",67
"22, 57, 59, 15 global ""Fill 1 Global CMYK Swatch""","47, 74, 80","7, 89, 46","""C=35 Y=74 M=79 K=1"" spot 35, 79, 74, 1","""L=71 A=-75 B=125"" 71, -75, 125",90
"81, 58, 36, 8 global ""Fill 1 Global CMYK Swatch""","110, 94, 88","74, 84, 41","""C=80 Y=78 M=18 K=0"" spot 80, 18, 78, 0","""L=64 A=-91 B=-45"" 64, -91, -45",83
"67, 251, 164 ""Fill 1 RGB Swatch""","136, 60, 91","69, 86, 45","""C=88 Y=5 M=24 K=10"" spot 88, 24, 5, 10","""L=60 A=-106 B=-9"" 60, -106, -9",11
"180, 131, 255 global ""Fill 1 Global RGB Swatch""","25, 79, 86","171, 68, 50","""C=88 Y=89 M=1 K=7"" spot 88, 1, 89, 7","""L=98 A=-97 B=-30"" 98, -97, -30",46
"95, 85, 25, 7 global ""Fill 1 Global CMYK Swatch""","208, 92, 80","176, 76, 43","""C=50 Y=71 M=23 K=5"" spot 50, 23, 71, 5","""L=82 A=-35 B=101"" 82, -35, 101",13
"192, 107, 15 ""Fill 1 RGB Swatch""","349, 79, 61","177, 70, 55","""C=9 Y=90 M=34 K=18"" spot 9, 34, 90, 18","""L=21 A=-10 B=64"" 21, -10, 64",69
"217, 29, 83 global ""Fill 1 Global RGB Swatch""","278, 85, 66","138, 73, 53","""C=87 Y=33 M=87 K=10"" spot 87, 87, 33, 10","""L=60 A=-71 B=113"" 60, -71, 113",32
"15, 48, 252 ""Fill 1 RGB Swatch""","239, 67, 61","188, 66, 48","""C=29 Y=67 M=86 K=12"" spot 29, 86, 67, 12","""L=69 A=8 B=-18"" 69, 8, -18",82
"159, 233, 85 ""Fill 1 RGB Swatch""","87, 84, 64","83, 79, 46","""C=80 Y=38 M=34 K=18"" spot 80, 34, 38, 18","""L=41 A=-79 B=79"" 41, -79, 79",26
"29, 147, 33 ""Fill 1 RGB Swatch""","267, 87, 77","316, 55, 40","""C=35 Y=57 M=73 K=14"" spot 35, 73, 57, 14","""L=62 A=46 B=-32"" 62, 46, -32",61
"64, 80, 23, 7 ""Fill 1 CMYK Swatch""","96, 65, 82","283, 70, 51","""C=42 Y=10 M=5 K=14"" spot 42, 5, 10, 14","""L=0 A=33 B=-2"" 0, 33, -2",79
"69, 21, 67, 5 global ""Fill 1 Global CMYK Swatch""","43, 65, 63","115, 81, 58","""C=58 Y=3 M=20 K=20"" spot 58, 20, 3, 20","""L=29 A=102 B=19"" 29, 102, 19",76
"27, 48, 91, 19 ""Fill 1 CMYK Swatch""","242, 62, 60","318, 77, 47","""C=71 Y=38 M=67 K=10"" spot 71, 67, 38, 10","""L=15 A=31 B=45"" 15, 31, 45",15
"15, 49, 36, 8 global ""Fill 1 Global CMYK Swatch""","76, 70, 64","209, 85, 50","""C=45 Y=40 M=87 K=12"" spot 45, 87, 40, 12","""L=29 A=91 B=-80"" 29, 91, -80",4
"126, 218, 221 global ""Fill 1 Global RGB Swatch""","165, 84, 62","75, 50, 49","""C=24 Y=70 M=3 K=20"" spot 24, 3, 70, 20","""L=6 A=121 B=-46"" 6, 121, -46",16
"62, 0, 40, 14 global ""Fill 1 Global CMYK Swatch""","31, 85, 62","112, 53, 54","""C=8 Y=8 M=44 K=12"" spot 8, 44, 8, 12","""L=28 A=-82 B=1"" 28, -82, 1",16
"12, 131, 2 global ""Fill 1 Global RGB Swatch""","177, 84, 67","193, 64, 57","""C=48 Y=82 M=93 K=8"" spot 48, 93, 82, 8","""L=82 A=-40 B=65"" 82, -40, 65",54
"37, 84, 15, 10 ""Fill 1 CMYK Swatch""","68, 73, 70","163, 86, 54","""C=20 Y=1 M=78 K=0"" spot 20, 78, 1, 0","""L=10 A=-49 B=70"" 10, -49, 70",42
"57, 99, 3, 1 global ""Fill 1 Global CMYK Swatch""","39, 86, 91","194, 68, 50","""C=7 Y=10 M=62 K=6"" spot 7, 62, 10, 6","""L=4 A=100 B=-43"" 4, 100, -43",0
"52, 60, 24, 12 global ""Fill 1 Global CMYK Swatch""","353, 79, 72","46, 66, 60","""C=38 Y=16 M=57 K=6"" spot 38, 57, 16, 6","""L=61 A=96 B=52"" 61, 96, 52",32
"140, 10, 118 global ""Fill 1 Global RGB Swatch""","113, 96, 92","41, 80, 45","""C=45 Y=83 M=50 K=0"" spot 45, 50, 83, 0","""L=17 A=-116 B=-5"" 17, -116, -5",77
"250, 214, 46 ""Fill 1 RGB Swatch""","238, 92, 89","357, 56, 45","""C=55 Y=1 M=81 K=4"" spot 55, 81, 1, 4","""L=51 A=-24 B=43"" 51, -24, 43",7
"118, 90, 52 global ""Fill 1 Global RGB Swatch""","90, 85, 87","151, 94, 53","""C=54 Y=30 M=4 K=16"" spot 54, 4, 30, 16","""L=93 A=71 B=67"" 93, 71, 67",61
"102, 74, 20 ""Fill 1 RGB Swatch""","248, 80, 67","280, 62, 45","""C=69 Y=42 M=69 K=4"" spot 69, 69, 42, 4","""L=46 A=-128 B=55"" 46, -128, 55",4
"8, 93, 65, 1 global ""Fill 1 Global CMYK Swatch""","355, 64, 97","90, 94, 60","""C=92 Y=86 M=51 K=17"" spot 92, 51, 86, 17","""L=52 A=-74 B=111"" 52, -74, 111",10
"86, 47, 37, 4 ""Fill 1 CMYK Swatch""","4, 68, 70","164, 55, 47","""C=40 Y=67 M=37 K=10"" spot 40, 37, 67, 10","""L=71 A=-15 B=62"" 71, -15, 62",27
"161, 7, 2 global ""Fill 1 Global RGB Swatch""","238, 67, 63","303, 53, 60","""C=28 Y=30 M=89 K=7"" spot 28, 89, 30, 7","""L=80 A=115 B=-6"" 80, 115, -6",40
"127, 201, 117 global ""Fill 1 Global RGB Swatch""","29, 82, 68","245, 91, 50","""C=30 Y=92 M=6 K=5"" spot 30, 6, 92, 5","""L=2 A=-64 B=-89"" 2, -64, -89",2
"46, 91, 26, 17 ""Fill 1 CMYK Swatch""","108, 97, 95","23, 93, 57","""C=48 Y=33 M=58 K=0"" spot 48, 58, 33, 0","""L=16 A=-12 B=-127"" 16, -12, -127",32
"243, 164, 12 global ""Fill 1 Global RGB Swatch""","168, 93, 96","347, 90, 51","""C=70 Y=53 M=73 K=1"" spot 70, 73, 53, 1","""L=49 A=56 B=21"" 49, 56, 21",20
"32, 56, 51, 9 ""Fill 1 CMYK Swatch""","349, 70, 96","191, 58, 49","""C=48 Y=53 M=8 K=0"" spot 48, 8, 53, 0","""L=56 A=42 B=-73"" 56, 42, -73",23
"252, 187, 105 global ""Fill 1 Global RGB Swatch""","292, 70, 79","148, 55, 50","""C=69 Y=23 M=8 K=10"" spot 69, 8, 23, 10","""L=19 A=-84 B=71"" 19, -84, 71",11
"243, 241, 90 global ""Fill 1 Global RGB Swatch""","225, 72, 72","176, 54, 46","""C=69 Y=84 M=49 K=9"" spot 69, 49, 84, 9","""L=83 A=70 B=-69"" 83, 70, -69",47
"25, 12, 77, 4 ""Fill 1 CMYK Swatch""","328, 97, 70","221, 99, 45","""C=95 Y=72 M=71 K=4"" spot 95, 71, 72, 4","""L=18 A=31 B=-21"" 18, 31, -21",6
"243, 76, 36 ""Fill 1 RGB Swatch""","306, 79, 65","336, 56, 53","""C=25 Y=62 M=4 K=11"" spot 25, 4, 62, 11","""L=62 A=-70 B=8"" 62, -70, 8",12
"56, 22, 15 global ""Fill 1 Global RGB Swatch""","100, 97, 98","359, 82, 50","""C=43 Y=92 M=72 K=6"" spot 43, 72, 92, 6","""L=5 A=5 B=18"" 5, 5, 18",84
"25, 129, 26 ""Fill 1 RGB Swatch""","168, 62, 77","163, 66, 51","""C=62 Y=69 M=28 K=1"" spot 62, 28, 69, 1","""L=33 A=98 B=5"" 33, 98, 5",1
"31, 65, 11, 0 ""Fill 1 CMYK Swatch""","272, 77, 72","143, 63, 42","""C=100 Y=97 M=86 K=9"" spot 100, 86, 97, 9","""L=97 A=6 B=110"" 97, 6, 110",22
"186, 178, 9 ""Fill 1 RGB Swatch""","62, 100, 90","193, 68, 48","""C=31 Y=22 M=3 K=15"" spot 31, 3, 22, 15","""L=8 A=46 B=64"" 8, 46, 64",54
"8, 5, 49, 4 ""Fill 1 CMYK Swatch""","346, 79, 60","164, 83, 58","""C=57 Y=2 M=98 K=12"" spot 57, 98, 2, 12","""L=54 A=-6 B=-53"" 54, -6, -53",99
"228, 37, 89 global ""Fill 1 Global RGB Swatch""","111, 100, 80","280, 82, 55","""C=49 Y=36 M=6 K=15"" spot 49, 6, 36, 15","""L=36 A=-116 B=-90"" 36, -116, -90",75
"34, 175, 200 global ""Fill 1 Global RGB Swatch""","178, 61, 88","352, 63, 52","""C=5 Y=81 M=14 K=13"" spot 5, 14, 81, 13","""L=93 A=-112 B=88"" 93, -112, 88",52
"147, 158, 221 ""Fill 1 RGB Swatch""","318, 72, 60","54, 74, 60","""C=90 Y=32 M=93 K=4"" spot 90, 93, 32, 4","""L=60 A=-7 B=6"" 60, -7, 6",88
"100, 28, 3, 15 ""Fill 1 CMYK Swatch""","36, 61, 98","114, 86, 59","""C=26 Y=31 M=97 K=13"" spot 26, 97, 31, 13","""L=54 A=-120 B=-39"" 54, -120, -39",96
"17, 64, 66, 10 global ""Fill 1 Global CMYK Swatch""","20, 99, 70","83, 67, 42","""C=1 Y=15 M=90 K=11"" spot 1, 90, 15, 11","""L=11 A=39 B=9"" 11, 39, 9",3
"32, 46, 69, 18 global ""Fill 1 Global CMYK Swatch""","347, 78, 95","345, 70, 50","""C=52 Y=23 M=27 K=15"" spot 52, 27, 23, 15","""L=93 A=-114 B=-75"" 93, -114, -75",61
"17, 59, 74, 18 ""Fill 1 CMYK Swatch""","62, 79, 65","354, 66, 44","""C=99 Y=7 M=90 K=14"" spot 99, 90, 7, 14","""L=16 A=-64 B=77"" 16, -64, 77",95
"74, 36, 79, 19 global ""Fill 1 Global CMYK Swatch""","36, 65, 85","271, 54, 53","""C=46 Y=46 M=65 K=20"" spot 46, 65, 46, 20","""L=71 A=-102 B=74"" 71, -102, 74",12
"56, 88, 94, 7 ""Fill 1 CMYK Swatch""","224, 78, 65","63, 81, 53","""C=53 Y=1 M=96 K=0"" spot 53, 96, 1, 0","""L=38 A=-86 B=-28"" 38, -86, -28",50
"4, 11, 45, 6 global ""Fill 1 Global CMYK Swatch""","304, 76, 69","312, 57, 40","""C=96 Y=46 M=45 K=4"" spot 96, 45, 46, 4","""L=63 A=43 B=0"" 63, 43, 0",19
"23, 53, 70, 19 ""Fill 1 CMYK Swatch""","176, 91, 78","344, 92, 42","""C=23 Y=46 M=38 K=12"" spot 23, 38, 46, 12","""L=60 A=54 B=-87"" 60, 54, -87",68
"26, 176, 219 ""Fill 1 RGB Swatch""","218, 77, 82","238, 55, 45","""C=11 Y=17 M=17 K=11"" spot 11, 17, 17, 11","""L=30 A=-79 B=53"" 30, -79, 53",33
"247, 116, 211 ""Fill 1 RGB Swatch""","357, 83, 74","31, 87, 58","""C=63 Y=37 M=78 K=11"" spot 63, 78, 37, 11","""L=43 A=98 B=-19"" 43, 98, -19",19
"100, 252, 176 global ""Fill 1 Global RGB Swatch""","259, 87, 66","277, 84, 51","""C=71 Y=48 M=98 K=14"" spot 71, 98, 48, 14","""L=34 A=-123 B=7"" 34, -123, 7",5
"6, 17, 20, 8 ""Fill 1 CMYK Swatch""","251, 88, 84","174, 91, 41","""C=21 Y=47 M=73 K=11"" spot 21, 73, 47, 11","""L=34 A=32 B=56"" 34, 32, 56",50
"138, 24, 229 ""Fill 1 RGB Swatch""","83, 65, 100","139, 60, 47","""C=43 Y=93 M=79 K=9"" spot 43, 79, 93, 9","""L=22 A=71 B=11"" 22, 71, 11",37
"68, 71, 61, 9 global ""Fill 1 Global CMYK Swatch""","347, 94, 66","290, 85, 55","""C=10 Y=18 M=50 K=3"" spot 10, 50, 18, 3","""L=42 A=-73 B=77"" 42, -73, 77",59
"10, 82, 74, 3 global ""Fill 1 Global CMYK Swatch""","21, 91, 95","235, 53, 47","""C=42 Y=33 M=39 K=5"" spot 42, 39, 33, 5","""L=66 A=-68 B=-122"" 66, -68, -122",59
"237, 173, 254 ""Fill 1 RGB Swatch""","132, 93, 79","199, 80, 46","""C=24 Y=99 M=76 K=8"" spot 24, 76, 99, 8","""L=60 A=29 B=-126"" 60, 29, -126",82
"82, 85, 72, 14 ""Fill 1 CMYK Swatch""","2, 75, 82","125, 99, 42","""C=50 Y=3 M=87 K=13"" spot 50, 87, 3, 13","""L=91 A=126 B=73"" 91, 126, 73",85
"51, 85, 24, 17 ""Fill 1 CMYK Swatch""","277, 83, 70","289, 75, 56","""C=18 Y=96 M=80 K=17"" spot 18, 80, 96, 17","""L=96 A=-60 B=42"" 96, -60, 42",79
"11, 4, 4, 19 ""Fill 1 CMYK Swatch""","295, 95, 63","55, 77, 55","""C=20 Y=22 M=78 K=12"" spot 20, 78, 22, 12","""L=63 A=-115 B=-81"" 63, -115, -81",49
"32, 131, 221 ""Fill 1 RGB Swatch""","144, 67, 60","291, 82, 42","""C=87 Y=73 M=44 K=15"" spot 87, 44, 73, 15","""L=43 A=-73 B=-18"" 43, -73, -18",2
"198, 92, 80 global ""Fill 1 Global RGB Swatch""","11, 70, 61","201, 99, 45","""C=52 Y=40 M=64 K=0"" spot 52, 64, 40, 0","""L=42 A=78 B=-26"" 42, 78, -26",59
"59, 74, 97, 12 ""Fill 1 CMYK Swatch""","336, 80, 72","329, 89, 47","""C=50 Y=23 M=80 K=20"" spot 50, 80, 23, 20","""L=68 A=-40 B=-2"" 68, -40, -2",61
"65, 71, 0, 7 global ""Fill 1 Global CMYK Swatch""","73, 95, 97","186, 92, 58","""C=24 Y=52 M=5 K=9"" spot 24, 5, 52, 9","""L=68 A=47 B=-48"" 68, 47, -48",82
"30, 5, 2, 4 ""Fill 1 CMYK Swatch""","99, 78, 93","37, 54, 44","""C=0 Y=13 M=0 K=3"" spot 0, 0, 13, 3","""L=47 A=-62 B=104"" 47, -62, 104",18
"63, 5, 39 ""Fill 1 RGB Swatch""","226, 70, 90","105, 79, 47","""C=52 Y=69 M=90 K=18"" spot 52, 90, 69, 18","""L=69 A=78 B=-116"" 69, 78, -116",46
"34, 61, 42, 2 ""Fill 1 CMYK Swatch""","357, 81, 100","31, 50, 45","""C=81 Y=42 M=8 K=0"" spot 81, 8, 42, 0","""L=87 A=-99 B=0"" 87, -99, 0",48
"13, 7, 26, 3 global ""Fill 1 Global CMYK Swatch""","303, 64, 61","194, 54, 43","""C=70 Y=19 M=49 K=10"" spot 70, 49, 19, 10","""L=9 A=71 B=-100"" 9, 71, -100",37
"2, 2, 7, 4 ""Fill 1 CMYK Swatch""","107, 80, 95","160, 99, 42","""C=20 Y=80 M=100 K=4"" spot 20, 100, 80, 4","""L=78 A=-26 B=-32"" 78, -26, -32",35
"30, 84, 89, 19 global ""Fill 1 Global CMYK Swatch""","280, 62, 95","271, 59, 59","""C=86 Y=66 M=22 K=17"" spot 86, 22, 66, 17","""L=8 A=103 B=-53"" 8, 103, -53",24
"95, 88, 55, 20 global ""Fill 1 Global CMYK Swatch""","134, 66, 72","337, 73, 45","""C=64 Y=69 M=94 K=18"" spot 64, 94, 69, 18","""L=61 A=-16 B=-99"" 61, -16, -99",90
"204, 7, 217 global ""Fill 1 Global RGB Swatch""","338, 65, 99","314, 77, 59","""C=74 Y=90 M=69 K=9"" spot 74, 69, 90, 9","""L=54 A=-98 B=-34"" 54, -98, -34",67
"62, 20, 94, 12 global ""Fill 1 Global CMYK Swatch""","145, 72, 79","193, 78, 49","""C=72 Y=22 M=92 K=8"" spot 72, 92, 22, 8","""L=62 A=-46 B=-100"" 62, -46, -100",48
"213, 68, 221 global ""Fill 1 Global RGB Swatch""","189, 78, 83","275, 85, 50","""C=55 Y=85 M=88 K=14"" spot 55, 88, 85, 14","""L=79 A=-100 B=92"" 79, -100, 92",68
"213, 43, 171 ""Fill 1 RGB Swatch""","297, 78, 82","24, 83, 43","""C=55 Y=18 M=97 K=0"" spot 55, 97, 18, 0","""L=59 A=108 B=13"" 59, 108, 13",98
"160, 29, 62 ""Fill 1 RGB Swatch""","188, 67, 85","40, 52, 42","""C=50 Y=93 M=77 K=9"" spot 50, 77, 93, 9","""L=70 A=-92 B=97"" 70, -92, 97",19
"113, 161, 133 global ""Fill 1 Global RGB Swatch""","144, 65, 82","320, 93, 55","""C=72 Y=11 M=97 K=0"" spot 72, 97, 11, 0","""L=69 A=55 B=-75"" 69, 55, -75",94
"93, 57, 67, 19 ""Fill 1 CMYK Swatch""","188, 77, 79","119, 85, 45","""C=1 Y=22 M=56 K=2"" spot 1, 56, 22, 2","""L=34 A=121 B=54"" 34, 121, 54",17
"218, 141, 37 global ""Fill 1 Global RGB Swatch""","315, 86, 100","179, 50, 57","""C=53 Y=88 M=91 K=12"" spot 53, 91, 88, 12","""L=53 A=-125 B=25"" 53, -125, 25",43
"8, 24, 5, 16 ""Fill 1 CMYK Swatch""","203, 75, 80","232, 72, 41","""C=81 Y=51 M=41 K=16"" spot 81, 41, 51, 16","""L=46 A=97 B=108"" 46, 97, 108",12
"64, 188, 86 global ""Fill 1 Global RGB Swatch""","232, 94, 83","131, 82, 46","""C=82 Y=66 M=91 K=0"" spot 82, 91, 66, 0","""L=67 A=118 B=91"" 67, 118, 91",76
"46, 6, 14, 15 global ""Fill 1 Global CMYK Swatch""","162, 66, 95","36, 76, 40","""C=5 Y=4 M=90 K=2"" spot 5, 90, 4, 2","""L=79 A=-75 B=90"" 79, -75, 90",72
"4, 37, 32, 3 global ""Fill 1 Global CMYK Swatch""","222, 93, 89","133, 85, 55","""C=92 Y=56 M=95 K=18"" spot 92, 95, 56, 18","""L=80 A=22 B=102"" 80, 22, 102",47
"227, 107, 43 ""Fill 1 RGB Swatch""","154, 66, 88","243, 66, 41","""C=22 Y=22 M=75 K=5"" spot 22, 75, 22, 5","""L=18 A=-31 B=79"" 18, -31, 79",26
"75, 124, 245 ""Fill 1 RGB Swatch""","32, 91, 86","180, 82, 47","""C=84 Y=72 M=56 K=11"" spot 84, 56, 72, 11","""L=48 A=-1 B=-56"" 48, -1, -56",38
"24, 32, 15, 13 ""Fill 1 CMYK Swatch""","281, 76, 98","352, 59, 45","""C=26 Y=47 M=54 K=12"" spot 26, 54, 47, 12","""L=40 A=-18 B=-99"" 40, -18, -99",41
"41, 80, 27, 15 ""Fill 1 CMYK Swatch""","195, 77, 66","296, 89, 51","""C=87 Y=100 M=18 K=15"" spot 87, 18, 100, 15","""L=48 A=123 B=93"" 48, 123, 93",27
"65, 66, 34, 8 global ""Fill 1 Global CMYK Swatch""","151, 83, 65","285, 86, 60","""C=32 Y=89 M=78 K=7"" spot 32, 78, 89, 7","""L=33 A=-109 B=87"" 33, -109, 87",7
"254, 110, 37 ""Fill 1 RGB Swatch""","251, 65, 94","314, 68, 42","""C=0 Y=73 M=33 K=20"" spot 0, 33, 73, 20","""L=86 A=-2 B=121"" 86, -2, 121",77
"8, 22, 81, 2 ""Fill 1 CMYK Swatch""","48, 92, 70","91, 94, 51","""C=60 Y=73 M=13 K=17"" spot 60, 13, 73, 17","""L=99 A=45 B=90"" 99, 45, 90",96
"50, 29, 0, 10 ""Fill 1 CMYK Swatch""","165, 62, 76","327, 65, 49","""C=93 Y=46 M=80 K=5"" spot 93, 80, 46, 5","""L=94 A=75 B=-87"" 94, 75, -87",28
"121, 135, 72 global ""Fill 1 Global RGB Swatch""","189, 70, 87","341, 64, 57","""C=83 Y=75 M=63 K=6"" spot 83, 63, 75, 6","""L=35 A=-56 B=61"" 35, -56, 61",97
"49, 6, 99 global ""Fill 1 Global RGB Swatch""","6, 79, 61","233, 54, 51","""C=3 Y=79 M=50 K=10"" spot 3, 50, 79, 10","""L=75 A=-7 B=117"" 75, -7, 117",14
"12, 78, 21 global ""Fill 1 Global RGB Swatch""","29, 91, 75","88, 86, 43","""C=99 Y=55 M=33 K=17"" spot 99, 33, 55, 17","""L=76 A=-33 B=5"" 76, -33, 5",82
"163, 107, 248 ""Fill 1 RGB Swatch""","284, 60, 66","359, 87, 58","""C=41 Y=40 M=77 K=12"" spot 41, 77, 40, 12","""L=68 A=113 B=-84"" 68, 113, -84",79
"157, 72, 245 ""Fill 1 RGB Swatch""","154, 63, 69","240, 92, 55","""C=46 Y=99 M=31 K=7"" spot 46, 31, 99, 7","""L=89 A=19 B=102"" 89, 19, 102",54
"82, 146, 76 ""Fill 1 RGB Swatch""","14, 76, 79","97, 100, 52","""C=100 Y=51 M=46 K=15"" spot 100, 46, 51, 15","""L=81 A=77 B=-26"" 81, 77, -26",44
"5, 93, 21, 13 ""Fill 1 CMYK Swatch""","98, 98, 73","229, 85, 53","""C=83 Y=67 M=47 K=0"" spot 83, 47, 67, 0","""L=62 A=88 B=-46"" 62, 88, -46",21
"76, 59, 50, 3 ""Fill 1 CMYK Swatch""","45, 69, 62","207, 67, 56","""C=63 Y=83 M=41 K=7"" spot 63, 41, 83, 7","""L=51 A=110 B=-105"" 51, 110, -105",100
"9, 31, 62, 16 global ""Fill 1 Global CMYK Swatch""","79, 89, 92","128, 87, 40","""C=23 Y=58 M=90 K=13"" spot 23, 90, 58, 13","""L=57 A=55 B=-52"" 57, 55, -52",45
"77, 98, 158 ""Fill 1 RGB Swatch""","351, 76, 81","5, 63, 49","""C=36 Y=26 M=22 K=7"" spot 36, 22, 26, 7","""L=23 A=-5 B=48"" 23, -5, 48",68
"154, 198, 221 global ""Fill 1 Global RGB Swatch""","97, 93, 96","246, 54, 41","""C=16 Y=64 M=4 K=3"" spot 16, 4, 64, 3","""L=93 A=75 B=-13"" 93, 75, -13",32
"225, 156, 205 ""Fill 1 RGB Swatch""","33, 66, 94","338, 85, 55","""C=42 Y=95 M=21 K=5"" spot 42, 21, 95, 5","""L=15 A=26 B=-34"" 15, 26, -34",99
"112, 81, 250 ""Fill 1 RGB Swatch""","190, 90, 79","296, 83, 46","""C=35 Y=50 M=95 K=1"" spot 35, 95, 50, 1","""L=85 A=17 B=12"" 85, 17, 12",12
"91, 89, 63, 14 ""Fill 1 CMYK Swatch""","323, 70, 70","173, 58, 47","""C=49 Y=20 M=63 K=3"" spot 49, 63, 20, 3","""L=93 A=-56 B=103"" 93, -56, 103",85
"61, 32, 170 global ""Fill 1 Global RGB Swatch""","117, 72, 91","147, 53, 49","""C=29 Y=15 M=57 K=15"" spot 29, 57, 15, 15","""L=65 A=47 B=-96"" 65, 47, -96",99
"169, 117, 17 global ""Fill 1 Global RGB Swatch""","28, 83, 85","304, 88, 60","""C=99 Y=27 M=43 K=10"" spot 99, 43, 27, 10","""L=75 A=-119 B=-19"" 75, -119, -19",68
"31, 46, 47, 0 global ""Fill 1 Global CMYK Swatch""","306, 63, 82","327, 96, 53","""C=62 Y=11 M=75 K=0"" spot 62, 75, 11, 0","""L=34 A=-121 B=32"" 34, -121, 32",76
"208, 223, 232 ""Fill 1 RGB Swatch""","284, 61, 77","54, 76, 51","""C=82 Y=39 M=91 K=12"" spot 82, 91, 39, 12","""L=81 A=-21 B=42"" 81, -21, 42",48
"97, 78, 80, 1 global ""Fill 1 Global CMYK Swatch""","305, 90, 91","329, 50, 44","""C=72 Y=100 M=1 K=2"" spot 72, 1, 100, 2","""L=79 A=-45 B=108"" 79, -45, 108",13
"7, 52, 254 global ""Fill 1 Global RGB Swatch""","337, 99, 63","279, 76, 56","""C=85 Y=96 M=89 K=11"" spot 85, 89, 96, 11","""L=34 A=-81 B=-92"" 34, -81, -92",12
"192, 15, 254 global ""Fill 1 Global RGB Swatch""","31, 97, 73","215, 59, 50","""C=94 Y=30 M=6 K=19"" spot 94, 6, 30, 19","""L=95 A=-16 B=-123"" 95, -16, -123",96
"43, 90, 36, 1 ""Fill 1 CMYK Swatch""","274, 100, 76","93, 58, 51","""C=91 Y=67 M=75 K=8"" spot 91, 75, 67, 8","""L=94 A=50 B=-94"" 94, 50, -94",60
"77, 71, 87, 11 ""Fill 1 CMYK Swatch""","88, 70, 84","323, 89, 56","""C=3 Y=87 M=57 K=16"" spot 3, 57, 87, 16","""L=88 A=-25 B=15"" 88, -25, 15",78
"84, 97, 81, 18 ""Fill 1 CMYK Swatch""","251, 66, 75","27, 77, 52","""C=4 Y=16 M=20 K=4"" spot 4, 20, 16, 4","""L=9 A=38 B=81"" 9, 38, 81",57
"37, 8, 17, 1 ""Fill 1 CMYK Swatch""","269, 61, 76","328, 93, 57","""C=65 Y=74 M=77 K=5"" spot 65, 77, 74, 5","""L=56 A=-94 B=102"" 56, -94, 102",23
"22, 81, 70, 14 global ""Fill 1 Global CMYK Swatch""","187, 90, 96","302, 91, 47","""C=29 Y=77 M=27 K=1"" spot 29, 27, 77, 1","""L=38 A=100 B=-24"" 38, 100, -24",89
"230, 138, 64 global ""Fill 1 Global RGB Swatch""","104, 96, 81","264, 56, 50","""C=12 Y=82 M=2 K=4"" spot 12, 2, 82, 4","""L=11 A=-64 B=-59"" 11, -64, -59",64
"249, 193, 248 global ""Fill 1 Global RGB Swatch""","270, 85, 73","56, 53, 47","""C=49 Y=83 M=31 K=4"" spot 49, 31, 83, 4","""L=58 A=-83 B=1"" 58, -83, 1",4
"82, 97, 74, 15 ""Fill 1 CMYK Swatch""","221, 76, 92","170, 82, 43","""C=66 Y=24 M=30 K=4"" spot 66, 30, 24, 4","""L=64 A=-25 B=88"" 64, -25, 88",81
"63, 25, 37, 12 global ""Fill 1 Global CMYK Swatch""","240, 73, 60","267, 97, 47","""C=21 Y=90 M=17 K=11"" spot 21, 17, 90, 11","""L=27 A=-73 B=42"" 27, -73, 42",10
"56, 54, 8, 1 global ""Fill 1 Global CMYK Swatch""","301, 98, 89","128, 55, 43","""C=97 Y=55 M=4 K=2"" spot 97, 4, 55, 2","""L=0 A=-85 B=105"" 0, -85, 105",38
"51, 53, 63, 5 ""Fill 1 CMYK Swatch""","275, 74, 64","114, 60, 55","""C=93 Y=92 M=95 K=5"" spot 93, 95, 92, 5","""L=11 A=-9 B=-36"" 11, -9, -36",70
"10, 73, 33, 11 global ""Fill 1 Global CMYK Swatch""","246, 63, 82","237, 51, 42","""C=75 Y=77 M=44 K=16"" spot 75, 44, 77, 16","""L=48 A=-96 B=52"" 48, -96, 52",60
"61, 162, 214 global ""Fill 1 Global RGB Swatch""","238, 60, 89","258, 82, 53","""C=78 Y=61 M=4 K=11"" spot 78, 4, 61, 11","""L=34 A=78 B=-57"" 34, 78, -57",5
"166, 134, 20 global ""Fill 1 Global RGB Swatch""","42, 84, 71","248, 61, 48","""C=82 Y=43 M=59 K=12"" spot 82, 59, 43, 12","""L=95 A=-124 B=81"" 95, -124, 81",68
"98, 199, 113 global ""Fill 1 Global RGB Swatch""","49, 66, 93","138, 68, 53","""C=68 Y=88 M=29 K=6"" spot 68, 29, 88, 6","""L=26 A=61 B=82"" 26, 61, 82",70
"79, 6, 90, 18 ""Fill 1 CMYK Swatch""","82, 71, 75","90, 72, 54","""C=70 Y=9 M=15 K=11"" spot 70, 15, 9, 11","""L=13 A=-101 B=123"" 13, -101, 123",34
"135, 152, 22 global ""Fill 1 Global RGB Swatch""","357, 94, 66","309, 63, 60","""C=67 Y=86 M=74 K=5"" spot 67, 74, 86, 5","""L=82 A=102 B=75"" 82, 102, 75",73
"44, 65, 17, 14 ""Fill 1 CMYK Swatch""","69, 66, 85","151, 95, 53","""C=52 Y=45 M=61 K=18"" spot 52, 61, 45, 18","""L=35 A=-34 B=72"" 35, -34, 72",53
"80, 144, 6 global ""Fill 1 Global RGB Swatch""","72, 75, 82","339, 67, 58","""C=47 Y=88 M=67 K=19"" spot 47, 67, 88, 19","""L=88 A=-38 B=12"" 88, -38, 12",12
"6, 70, 60, 12 global ""Fill 1 Global CMYK Swatch""","347, 86, 96","307, 97, 42","""C=67 Y=85 M=68 K=12"" spot 67, 68, 85, 12","""L=54 A=94 B=56"" 54, 94, 56",52
"25, 231, 84 global ""Fill 1 Global RGB Swatch""","10, 77, 69","196, 91, 41","""C=99 Y=67 M=96 K=19"" spot 99, 96, 67, 19","""L=27 A=-86 B=108"" 27, -86, 108",98
"73, 36, 138 global ""Fill 1 Global RGB Swatch""","2, 86, 97","203, 55, 58","""C=4 Y=60 M=52 K=11"" spot 4, 52, 60, 11","""L=88 A=2 B=-59"" 88, 2, -59",63
"41, 71, 21, 10 ""Fill 1 CMYK Swatch""","317, 87, 78","108, 99, 57","""C=13 Y=50 M=77 K=18"" spot 13, 77, 50, 18","""L=33 A=87 B=89"" 33, 87, 89",10
"97, 64, 81 ""Fill 1 RGB Swatch""","321, 67, 97","286, 61, 47","""C=49 Y=8 M=19 K=6"" spot 49, 19, 8, 6","""L=64 A=6 B=-49"" 64, 6, -49",45
"10, 24, 1, 2 global ""Fill 1 Global CMYK Swatch""","42, 61, 71","100, 100, 54","""C=1 Y=22 M=4 K=16"" spot 1, 4, 22, 16","""L=84 A=-114 B=-75"" 84, -114, -75",23
"234, 66, 55 ""Fill 1 RGB Swatch""","18, 84, 82","290, 92, 42","""C=4 Y=63 M=47 K=9"" spot 4, 47, 63, 9","""L=38 A=57 B=12"" 38, 57, 12",67
"23, 20, 55, 15 ""Fill 1 CMYK Swatch""","83, 96, 74","2, 77, 60","""C=0 Y=69 M=17 K=9"" spot 0, 17, 69, 9","""L=76 A=42 B=84"" 76, 42, 84",51
"99, 122, 69 global ""Fill 1 Global RGB Swatch""","75, 65, 62","332, 53, 58","""C=65 Y=3 M=17 K=2"" spot 65, 17, 3, 2","""L=89 A=104 B=125"" 89, 104, 125",16
"30, 87, 8, 2 ""Fill 1 CMYK Swatch""","229, 82, 69","330, 97, 44","""C=72 Y=27 M=6 K=9"" spot 72, 6, 27, 9","""L=81 A=-62 B=-89"" 81, -62, -89",36
"32, 170, 154 ""Fill 1 RGB Swatch""","8, 100, 97","235, 62, 45","""C=76 Y=26 M=80 K=1"" spot 76, 80, 26, 1","""L=8 A=-70 B=73"" 8, -70, 73",26
"203, 15, 103 ""Fill 1 RGB Swatch""","140, 87, 79","187, 69, 47","""C=66 Y=98 M=35 K=12"" spot 66, 35, 98, 12","""L=17 A=-53 B=-19"" 17, -53, -19",80
"33, 35, 93, 8 global ""Fill 1 Global CMYK Swatch""","195, 74, 71","191, 83, 56","""C=81 Y=33 M=63 K=15"" spot 81, 63, 33, 15","""L=3 A=22 B=107"" 3, 22, 107",3
"195, 159, 16 ""Fill 1 RGB Swatch""","288, 65, 88","187, 70, 50","""C=28 Y=49 M=87 K=19"" spot 28, 87, 49, 19","""L=21 A=123 B=51"" 21, 123, 51",39
"232, 168, 143 global ""Fill 1 Global RGB Swatch""","34, 78, 60","272, 55, 43","""C=5 Y=72 M=7 K=8"" spot 5, 7, 72, 8","""L=74 A=36 B=-49"" 74, 36, -49",30
"241, 101, 239 ""Fill 1 RGB Swatch""","357, 86, 72","131, 56, 48","""C=95 Y=21 M=56 K=6"" spot 95, 56, 21, 6","""L=72 A=-31 B=120"" 72, -31, 120",19
"237, 72, 136 global ""Fill 1 Global RGB Swatch""","287, 90, 84","61, 79, 45","""C=93 Y=29 M=1 K=20"" spot 93, 1, 29, 20","""L=52 A=-91 B=39"" 52, -91, 39",99
"44, 21, 71, 19 global ""Fill 1 Global CMYK Swatch""","178, 68, 72","264, 67, 41","""C=48 Y=47 M=77 K=17"" spot 48, 77, 47, 17","""L=10 A=-32 B=-75"" 10, -32, -75",69
"80, 42, 19, 20 global ""Fill 1 Global CMYK Swatch""","234, 96, 97","152, 53, 48","""C=60 Y=26 M=25 K=8"" spot 60, 25, 26, 8","""L=86 A=127 B=-115"" 86, 127, -115",22
"32, 74, 89, 16 global ""Fill 1 Global CMYK Swatch""","127, 68, 98","166, 100, 56","""C=48 Y=100 M=72 K=9"" spot 48, 72, 100, 9","""L=86 A=-116 B=-12"" 86, -116, -12",39
"64, 96, 72, 9 ""Fill 1 CMYK Swatch""","253, 62, 81","229, 98, 57","""C=6 Y=47 M=10 K=17"" spot 6, 10, 47, 17","""L=65 A=59 B=105"" 65, 59, 105",70
"207, 128, 55 ""Fill 1 RGB Swatch""","243, 96, 70","252, 61, 46","""C=71 Y=13 M=72 K=8"" spot 71, 72, 13, 8","""L=57 A=98 B=30"" 57, 98, 30",62
"38, 69, 16, 20 global ""Fill 1 Global CMYK Swatch""","239, 85, 62","311, 68, 55","""C=95 Y=61 M=92 K=10"" spot 95, 92, 61, 10","""L=42 A=-118 B=43"" 42, -118, 43",62
"73, 21, 95, 3 ""Fill 1 CMYK Swatch""","292, 67, 93","295, 73, 45","""C=78 Y=27 M=61 K=1"" spot 78, 61, 27, 1","""L=79 A=-99 B=83"" 79, -99, 83",82
"72, 17, 97, 12 global ""Fill 1 Global CMYK Swatch""","296, 72, 94","73, 60, 45","""C=88 Y=73 M=46 K=2"" spot 88, 46, 73, 2","""L=93 A=10 B=-26"" 93, 10, -26",44
"84, 96, 8, 19 ""Fill 1 CMYK Swatch""","3, 72, 97","91, 82, 57","""C=62 Y=100 M=87 K=8"" spot 62, 87, 100, 8","""L=55 A=-39 B=56"" 55, -39, 56",41
"64, 58, 97, 17 ""Fill 1 CMYK Swatch""","279, 87, 89","34, 59, 43","""C=3 Y=23 M=29 K=0"" spot 3, 29, 23, 0","""L=11 A=-90 B=-1"" 11, -90, -1",72
"29, 88, 87, 7 ""Fill 1 CMYK Swatch""","139, 69, 84","37, 62, 56","""C=62 Y=8 M=90 K=14"" spot 62, 90, 8, 14","""L=19 A=109 B=-19"" 19, 109, -19",55
"9, 37, 28 ""Fill 1 RGB Swatch""","270, 96, 85","61, 50, 55","""C=18 Y=85 M=35 K=20"" spot 18, 35, 85, 20","""L=20 A=46 B=-31"" 20, 46, -31",28
"124, 17, 217 global ""Fill 1 Global RGB Swatch""","24, 80, 75","31, 84, 44","""C=71 Y=71 M=96 K=15"" spot 71, 96, 71, 15","""L=0 A=-100 B=-42"" 0, -100, -42",66
"78, 1, 167 global ""Fill 1 Global RGB Swatch""","224, 91, 83","104, 81, 51","""C=68 Y=25 M=11 K=10"" spot 68, 11, 25, 10","""L=51 A=124 B=-30"" 51, 124, -30",55
"151, 85, 31 global ""Fill 1 Global RGB Swatch""","134, 95, 97","192, 60, 53","""C=39 Y=46 M=25 K=10"" spot 39, 25, 46, 10","""L=94 A=-45 B=-43"" 94, -45, -43",45
"34, 44, 57, 19 global ""Fill 1 Global CMYK Swatch""","25, 85, 85","80, 90, 53","""C=91 Y=48 M=12 K=10"" spot 91, 12, 48, 10","""L=90 A=25 B=-46"" 90, 25, -46",25
"90, 16, 64, 10 global ""Fill 1 Global CMYK Swatch""","179, 65, 75","328, 99, 60","""C=53 Y=30 M=10 K=7"" spot 53, 10, 30, 7","""L=62 A=6 B=17"" 62, 6, 17",67
"74, 59, 78, 11 global ""Fill 1 Global CMYK Swatch""","113, 78, 72","34, 57, 53","""C=74 Y=94 M=43 K=5"" spot 74, 43, 94, 5","""L=19 A=99 B=125"" 19, 99, 125",47
"34, 82, 18, 3 ""Fill 1 CMYK Swatch""","45, 62, 63","176, 95, 44","""C=89 Y=56 M=59 K=17"" spot 89, 59, 56, 17","""L=65 A=-68 B=-46"" 65, -68, -46",64
"115, 143, 213 ""Fill 1 RGB Swatch""","59, 96, 74","240, 69, 50","""C=61 Y=72 M=49 K=12"" spot 61, 49, 72, 12","""L=31 A=-36 B=53"" 31, -36, 53",44
"41, 139, 45 global ""Fill 1 Global RGB Swatch""","79, 91, 71","196, 82, 60","""C=67 Y=28 M=13 K=1"" spot 67, 13, 28, 1","""L=64 A=42 B=-35"" 64, 42, -35",68
"47, 115, 39 global ""Fill 1 Global RGB Swatch""","139, 90, 72","64, 90, 50","""C=80 Y=12 M=7 K=9"" spot 80, 7, 12, 9","""L=50 A=-34 B=-112"" 50, -34, -112",5
"235, 254, 145 global ""Fill 1 Global RGB Swatch""","259, 81, 79","129, 84, 58","""C=4 Y=27 M=85 K=5"" spot 4, 85, 27, 5","""L=13 A=24 B=-98"" 13, 24, -98",90
"22, 102, 49 ""Fill 1 RGB Swatch""","297, 67, 63","337, 92, 50","""C=73 Y=11 M=66 K=5"" spot 73, 66, 11, 5","""L=64 A=-68 B=111"" 64, -68, 111",1
"83, 166, 81 ""Fill 1 RGB Swatch""","165, 77, 61","104, 100, 56","""C=24 Y=30 M=24 K=1"" spot 24, 24, 30, 1","""L=65 A=8 B=-86"" 65, 8, -86",38
"54, 31, 10, 0 ""Fill 1 CMYK Swatch""","139, 65, 72","140, 62, 48","""C=70 Y=80 M=43 K=2"" spot 70, 43, 80, 2","""L=65 A=-25 B=5"" 65, -25, 5",66
"26, 48, 75, 9 global ""Fill 1 Global CMYK Swatch""","333, 63, 73","37, 62, 52","""C=80 Y=24 M=24 K=14"" spot 80, 24, 24, 14","""L=95 A=74 B=5"" 95, 74, 5",73
"94, 57, 78, 3 global ""Fill 1 Global CMYK Swatch""","221, 75, 88","69, 54, 57","""C=40 Y=24 M=22 K=6"" spot 40, 22, 24, 6","""L=73 A=36 B=22"" 73, 36, 22",19
"8, 136, 165 global ""Fill 1 Global RGB Swatch""","148, 89, 62","274, 96, 43","""C=53 Y=44 M=22 K=17"" spot 53, 22, 44, 17","""L=65 A=95 B=35"" 65, 95, 35",77
"16, 1, 91, 15 global ""Fill 1 Global CMYK Swatch""","312, 75, 88","73, 88, 59","""C=8 Y=25 M=79 K=14"" spot 8, 79, 25, 14","""L=0 A=-31 B=8"" 0, -31, 8",31
"102, 155, 52 global ""Fill 1 Global RGB Swatch""","212, 82, 67","97, 84, 48","""C=34 Y=1 M=65 K=9"" spot 34, 65, 1, 9","""L=18 A=113 B=-30"" 18, 113, -30",13
"57, 221, 150 global ""Fill 1 Global RGB Swatch""","221, 85, 68","337, 82, 48","""C=41 Y=75 M=30 K=18"" spot 41, 30, 75, 18","""L=49 A=-61 B=54"" 49, -61, 54",95
"99, 84, 52, 2 ""Fill 1 CMYK Swatch""","223, 60, 95","227, 75, 49","""C=20 Y=18 M=83 K=16"" spot 20, 83, 18, 16","""L=23 A=0 B=-41"" 23, 0, -41",1
"70, 199, 227 ""Fill 1 RGB Swatch""","82, 94, 77","131, 75, 45","""C=88 Y=37 M=0 K=13"" spot 88, 0, 37, 13","""L=67 A=47 B=-124"" 67, 47, -124",69
"83, 56, 74, 18 global ""Fill 1 Global CMYK Swatch""","224, 83, 100","345, 55, 53","""C=55 Y=96 M=55 K=17"" spot 55, 55, 96, 17","""L=81 A=-127 B=12"" 81, -127, 12",15
"96, 15, 92, 4 global ""Fill 1 Global CMYK Swatch""","125, 71, 69","59, 78, 44","""C=81 Y=61 M=33 K=18"" spot 81, 33, 61, 18","""L=38 A=56 B=49"" 38, 56, 49",99
"77, 170, 157 global ""Fill 1 Global RGB Swatch""","271, 95, 96","255, 91, 50","""C=44 Y=17 M=49 K=18"" spot 44, 49, 17, 18","""L=20 A=-91 B=-52"" 20, -91, -52",67
"3, 225, 22 ""Fill 1 RGB Swatch""","268, 72, 99","187, 78, 41","""C=18 Y=8 M=95 K=11"" spot 18, 95, 8, 11","""L=94 A=72 B=78"" 94, 72, 78",40
"28, 86, 5, 12 global ""Fill 1 Global CMYK Swatch""","118, 88, 83","9, 62, 47","""C=12 Y=82 M=69 K=1"" spot 12, 69, 82, 1","""L=2 A=-26 B=59"" 2, -26, 59",33
"7, 13, 20, 10 global ""Fill 1 Global CMYK Swatch""","107, 66, 95","278, 72, 52","""C=92 Y=19 M=34 K=20"" spot 92, 34, 19, 20","""L=50 A=-108 B=-3"" 50, -108, -3",59
"48, 103, 71 ""Fill 1 RGB Swatch""","299, 74, 65","3, 90, 55","""C=2 Y=60 M=94 K=17"" spot 2, 94, 60, 17","""L=61 A=72 B=-3"" 61, 72, -3",29
"38, 70, 28, 7 ""Fill 1 CMYK Swatch""","254, 90, 66","260, 75, 45","""C=10 Y=84 M=93 K=8"" spot 10, 93, 84, 8","""L=45 A=-99 B=-1"" 45, -99, -1",90
"49, 77, 54, 1 ""Fill 1 CMYK Swatch""","315, 86, 99","224, 86, 55","""C=85 Y=40 M=8 K=14"" spot 85, 8, 40, 14","""L=54 A=-46 B=95"" 54, -46, 95",9
"73, 106, 12 global ""Fill 1 Global RGB Swatch""","160, 91, 97","93, 63, 44","""C=23 Y=27 M=91 K=16"" spot 23, 91, 27, 16","""L=85 A=-37 B=43"" 85, -37, 43",0
"72, 223, 214 ""Fill 1 RGB Swatch""","360, 66, 98","195, 90, 56","""C=4 Y=39 M=70 K=3"" spot 4, 70, 39, 3","""L=80 A=98 B=-39"" 80, 98, -39",26
"255, 127, 231 ""Fill 1 RGB Swatch""","177, 62, 81","304, 80, 46","""C=87 Y=82 M=59 K=4"" spot 87, 59, 82, 4","""L=25 A=54 B=124"" 25, 54, 124",57
"13, 35, 217 global ""Fill 1 Global RGB Swatch""","293, 96, 72","350, 66, 41","""C=41 Y=35 M=10 K=15"" spot 41, 10, 35, 15","""L=88 A=5 B=71"" 88, 5, 71",28
"32, 86, 98, 5 ""Fill 1 CMYK Swatch""","126, 85, 90","227, 51, 45","""C=81 Y=9 M=2 K=0"" spot 81, 2, 9, 0","""L=25 A=122 B=-18"" 25, 122, -18",48
"80, 55, 94, 4 ""Fill 1 CMYK Swatch""","158, 87, 82","36, 63, 60","""C=56 Y=62 M=20 K=1"" spot 56, 20, 62, 1","""L=24 A=-57 B=-96"" 24, -57, -96",85
"226, 58, 207 global ""Fill 1 Global RGB Swatch""","216, 91, 62","175, 61, 48","""C=2 Y=62 M=17 K=6"" spot 2, 17, 62, 6","""L=93 A=77 B=-22"" 93, 77, -22",90
"33, 92, 11, 1 global ""Fill 1 Global CMYK Swatch""","351, 89, 80","234, 76, 47","""C=48 Y=65 M=52 K=13"" spot 48, 52, 65, 13","""L=97 A=-18 B=54"" 97, -18, 54",63
"22, 51, 70, 9 ""Fill 1 CMYK Swatch""","50, 81, 70","8, 69, 51","""C=85 Y=3 M=29 K=18"" spot 85, 29, 3, 18","""L=73 A=-18 B=-39"" 73, -18, -39",76
"223, 32, 135 ""Fill 1 RGB Swatch""","264, 62, 81","105, 66, 49","""C=42 Y=13 M=23 K=12"" spot 42, 23, 13, 12","""L=71 A=95 B=-7"" 71, 95, -7",25
"87, 42, 56, 17 global ""Fill 1 Global CMYK Swatch""","190, 65, 92","258, 50, 51","""C=94 Y=16 M=64 K=5"" spot 94, 64, 16, 5","""L=63 A=24 B=-106"" 63, 24, -106",74
"121, 7, 143 global ""Fill 1 Global RGB Swatch""","156, 61, 80","184, 71, 47","""C=35 Y=36 M=42 K=8"" spot 35, 42, 36, 8","""L=48 A=-40 B=119"" 48, -40, 119",45
"11, 87, 74, 12 global ""Fill 1 Global CMYK Swatch""","122, 92, 92","35, 76, 52","""C=33 Y=81 M=10 K=18"" spot 33, 10, 81, 18","""L=0 A=86 B=47"" 0, 86, 47",35
"29, 93, 67, 1 ""Fill 1 CMYK Swatch""","302, 77, 77","158, 53, 47","""C=88 Y=36 M=23 K=13"" spot 88, 23, 36, 13","""L=85 A=63 B=63"" 85, 63, 63",99
"93, 85, 229 global ""Fill 1 Global RGB Swatch""","312, 87, 72","31, 60, 48","""C=52 Y=96 M=63 K=2"" spot 52, 63, 96, 2","""L=23 A=70 B=103"" 23, 70, 103",47
"222, 204, 182 ""Fill 1 RGB Swatch""","18, 87, 84","243, 52, 41","""C=80 Y=94 M=48 K=12"" spot 80, 48, 94, 12","""L=17 A=35 B=-34"" 17, 35, -34",10
"163, 18, 240 global ""Fill 1 Global RGB Swatch""","265, 100, 89","107, 79, 57","""C=39 Y=61 M=81 K=15"" spot 39, 81, 61, 15","""L=31 A=104 B=116"" 31, 104, 116",48
"90, 39, 5, 1 global ""Fill 1 Global CMYK Swatch""","40, 61, 80","252, 51, 50","""C=53 Y=89 M=56 K=9"" spot 53, 56, 89, 9","""L=58 A=-22 B=-97"" 58, -22, -97",72
"234, 231, 31 ""Fill 1 RGB Swatch""","260, 67, 69","307, 83, 48","""C=100 Y=100 M=23 K=16"" spot 100, 23, 100, 16","""L=25 A=-91 B=111"" 25, -91, 111",54
"143, 218, 51 global ""Fill 1 Global RGB Swatch""","163, 96, 67","352, 51, 40","""C=61 Y=36 M=25 K=6"" spot 61, 25, 36, 6","""L=48 A=127 B=-34"" 48, 127, -34",33
"135, 45, 17 global ""Fill 1 Global RGB Swatch""","230, 78, 90","216, 59, 54","""C=11 Y=86 M=14 K=17"" spot 11, 14, 86, 17","""L=97 A=-70 B=-113"" 97, -70, -113",25
"50, 44, 27, 8 global ""Fill 1 Global CMYK Swatch""","56, 75, 75","142, 87, 48","""C=7 Y=34 M=67 K=8"" spot 7, 67, 34, 8","""L=85 A=-60 B=-24"" 85, -60, -24",96
"18, 88, 21, 16 global ""Fill 1 Global CMYK Swatch""","296, 96, 65","94, 59, 49","""C=23 Y=31 M=21 K=1"" spot 23, 21, 31, 1","""L=34 A=-58 B=7"" 34, -58, 7",60
"108, 98, 109 global ""Fill 1 Global RGB Swatch""","85, 94, 88","359, 71, 55","""C=75 Y=65 M=39 K=4"" spot 75, 39, 65, 4","""L=14 A=-116 B=-117"" 14, -116, -117",91
"22, 82, 72, 6 ""Fill 1 CMYK Swatch""","212, 82, 79","199, 74, 55","""C=14 Y=62 M=56 K=18"" spot 14, 56, 62, 18","""L=10 A=73 B=-42"" 10, 73, -42",68
"53, 28, 94, 15 ""Fill 1 CMYK Swatch""","330, 69, 64","326, 91, 40","""C=60 Y=1 M=76 K=10"" spot 60, 76, 1, 10","""L=85 A=20 B=-4"" 85, 20, -4",69
"134, 30, 36 ""Fill 1 RGB Swatch""","80, 86, 78","190, 72, 46","""C=53 Y=72 M=25 K=15"" spot 53, 25, 72, 15","""L=33 A=-36 B=-13"" 33, -36, -13",48
"209, 138, 195 global ""Fill 1 Global RGB Swatch""","243, 92, 71","301, 100, 47","""C=89 Y=1 M=29 K=6"" spot 89, 29, 1, 6","""L=13 A=30 B=99"" 13, 30, 99",55
"43, 33, 16, 18 ""Fill 1 CMYK Swatch""","327, 62, 90","233, 73, 46","""C=55 Y=26 M=83 K=0"" spot 55, 83, 26, 0","""L=61 A=-14 B=-108"" 61, -14, -108",97
"238, 248, 4 ""Fill 1 RGB Swatch""","40, 79, 83","324, 60, 53","""C=79 Y=58 M=100 K=8"" spot 79, 100, 58, 8","""L=92 A=-113 B=18"" 92, -113, 18",59
"72, 43, 97, 12 global ""Fill 1 Global CMYK Swatch""","19, 62, 81","355, 60, 45","""C=87 Y=22 M=85 K=11"" spot 87, 85, 22, 11","""L=47 A=96 B=81"" 47, 96, 81",1
"52, 2, 86, 18 ""Fill 1 CMYK Swatch""","80, 83, 85","344, 100, 58","""C=100 Y=71 M=38 K=7"" spot 100, 38, 71, 7","""L=83 A=104 B=65"" 83, 104, 65",74
"8, 12, 8, 16 global ""Fill 1 Global CMYK Swatch""","189, 72, 60","267, 65, 56","""C=47 Y=74 M=35 K=13"" spot 47, 35, 74, 13","""L=99 A=76 B=65"" 99, 76, 65",74
"55, 6, 45 global ""Fill 1 Global RGB Swatch""","92, 60, 86","183, 93, 46","""C=6 Y=9 M=8 K=20"" spot 6, 8, 9, 20","""L=29 A=-9 B=72"" 29, -9, 72",11
"23, 13, 91, 2 ""Fill 1 CMYK Swatch""","204, 64, 95","191, 77, 42","""C=61 Y=39 M=85 K=15"" spot 61, 85, 39, 15","""L=50 A=112 B=-63"" 50, 112, -63",66
"37, 65, 8, 15 ""Fill 1 CMYK Swatch""","173, 93, 80","121, 50, 40","""C=23 Y=24 M=8 K=8"" spot 23, 8, 24, 8","""L=13 A=-57 B=37"" 13, -57, 37",92
"234, 200, 102 global ""Fill 1 Global RGB Swatch""","354, 76, 92","99, 89, 55","""C=40 Y=62 M=24 K=15"" spot 40, 24, 62, 15","""L=54 A=78 B=-47"" 54, 78, -47",90
"5, 26, 79, 19 ""Fill 1 CMYK Swatch""","171, 64, 60","173, 100, 41","""C=86 Y=29 M=71 K=8"" spot 86, 71, 29, 8","""L=84 A=124 B=121"" 84, 124, 121",71
"217, 90, 73 global ""Fill 1 Global RGB Swatch""","147, 62, 87","205, 92, 48","""C=11 Y=81 M=21 K=3"" spot 11, 21, 81, 3","""L=81 A=127 B=21"" 81, 127, 21",71
"47, 18, 250 ""Fill 1 RGB Swatch""","225, 94, 90","17, 100, 47","""C=3 Y=0 M=43 K=9"" spot 3, 43, 0, 9","""L=13 A=23 B=-100"" 13, 23, -100",93
"72, 32, 84, 0 global ""Fill 1 Global CMYK Swatch""","249, 71, 75","195, 72, 60","""C=14 Y=87 M=72 K=12"" spot 14, 72, 87, 12","""L=7 A=3 B=-108"" 7, 3, -108",45
"78, 88, 62, 4 global ""Fill 1 Global CMYK Swatch""","81, 81, 86","11, 58, 53","""C=26 Y=36 M=52 K=17"" spot 26, 52, 36, 17","""L=73 A=-117 B=102"" 73, -117, 102",14
"67, 143, 82 global ""Fill 1 Global RGB Swatch""","104, 92, 92","266, 68, 49","""C=17 Y=8 M=34 K=11"" spot 17, 34, 8, 11","""L=26 A=-71 B=120"" 26, -71, 120",71
"96, 21, 57, 18 global ""Fill 1 Global CMYK Swatch""","351, 72, 65","222, 98, 56","""C=4 Y=11 M=14 K=7"" spot 4, 14, 11, 7","""L=36 A=-65 B=-90"" 36, -65, -90",9
"174, 5, 244 ""Fill 1 RGB Swatch""","53, 72, 63","186, 61, 58","""C=12 Y=39 M=71 K=19"" spot 12, 71, 39, 19","""L=0 A=-75 B=-97"" 0, -75, -97",73
"92, 88, 156 global ""Fill 1 Global RGB Swatch""","100, 91, 80","253, 74, 54","""C=53 Y=49 M=8 K=12"" spot 53, 8, 49, 12","""L=73 A=-95 B=-4"" 73, -95, -4",13
"95, 83, 72, 4 ""Fill 1 CMYK Swatch""","294, 89, 71","242, 100, 58","""C=50 Y=71 M=62 K=14"" spot 50, 62, 71, 14","""L=10 A=-67 B=59"" 10, -67, 59",3
"19, 177, 214 ""Fill 1 RGB Swatch""","198, 66, 60","289, 93, 55","""C=41 Y=20 M=98 K=0"" spot 41, 98, 20, 0","""L=14 A=-101 B=-127"" 14, -101, -127",28
"134, 8, 154 global ""Fill 1 Global RGB Swatch""","208, 64, 92","57, 76, 58","""C=59 Y=28 M=64 K=11"" spot 59, 64, 28, 11","""L=88 A=0 B=-83"" 88, 0, -83",58
"91, 91, 40 ""Fill 1 RGB Swatch""","98, 97, 75","34, 86, 53","""C=22 Y=20 M=89 K=17"" spot 22, 89, 20, 17","""L=42 A=84 B=-51"" 42, 84, -51",15
"50, 62, 65, 7 ""Fill 1 CMYK Swatch""","8, 69, 83","162, 53, 40","""C=36 Y=97 M=84 K=3"" spot 36, 84, 97, 3","""L=35 A=-127 B=-12"" 35, -127, -12",2
"42, 24, 252 ""Fill 1 RGB Swatch""","131, 76, 65","341, 54, 41","""C=79 Y=17 M=72 K=1"" spot 79, 72, 17, 1","""L=48 A=122 B=35"" 48, 122, 35",39
"171, 246, 20 global ""Fill 1 Global RGB Swatch""","316, 74, 65","251, 95, 52","""C=43 Y=85 M=74 K=2"" spot 43, 74, 85, 2","""L=58 A=-94 B=-8"" 58, -94, -8",30
"86, 185, 207 global ""Fill 1 Global RGB Swatch""","294, 79, 96","39, 77, 56","""C=82 Y=14 M=67 K=4"" spot 82, 67, 14, 4","""L=80 A=37 B=110"" 80, 37, 110",18
"152, 237, 73 global ""Fill 1 Global RGB Swatch""","67, 96, 95","146, 84, 40","""C=73 Y=17 M=88 K=9"" spot 73, 88, 17, 9","""L=55 A=105 B=-122"" 55, 105, -122",47
"12, 5, 68, 16 global ""Fill 1 Global CMYK Swatch""","344, 65, 79","200, 76, 47","""C=43 Y=29 M=85 K=3"" spot 43, 85, 29, 3","""L=19 A=-106 B=-16"" 19, -106, -16",89
"81, 53, 15, 1 ""Fill 1 CMYK Swatch""","99, 84, 77","304, 98, 49","""C=84 Y=19 M=77 K=1"" spot 84, 77, 19, 1","""L=41 A=88 B=-40"" 41, 88, -40",5
"105, 14, 51 global ""Fill 1 Global RGB Swatch""","205, 73, 92","137, 60, 51","""C=3 Y=74 M=65 K=18"" spot 3, 65, 74, 18","""L=5 A=47 B=-38"" 5, 47, -38",3
"39, 12, 161 global ""Fill 1 Global RGB Swatch""","11, 82, 97","5, 87, 52","""C=58 Y=63 M=84 K=11"" spot 58, 84, 63, 11","""L=59 A=23 B=6"" 59, 23, 6",23
"91, 23, 50 global ""Fill 1 Global RGB Swatch""","21, 75, 98","0, 59, 43","""C=28 Y=67 M=9 K=20"" spot 28, 9, 67, 20","""L=43 A=-21 B=4"" 43, -21, 4",79
"61, 52, 53, 12 global ""Fill 1 Global CMYK Swatch""","306, 71, 88","268, 97, 54","""C=34 Y=48 M=2 K=14"" spot 34, 2, 48, 14","""L=34 A=10 B=-32"" 34, 10, -32",55
"81, 52, 53, 12 global ""Fill 1 Global CMYK Swatch""","242, 71, 84","90, 83, 48","""C=31 Y=84 M=20 K=0"" spot 31, 20, 84, 0","""L=99 A=-35 B=-104"" 99, -35, -104",88
"20, 35, 103 global ""Fill 1 Global RGB Swatch""","299, 83, 86","175, 70, 42","""C=54 Y=19 M=72 K=16"" spot 54, 72, 19, 16","""L=18 A=66 B=-100"" 18, 66, -100",2
"18, 89, 53, 2 global ""Fill 1 Global CMYK Swatch""","128, 67, 68","230, 83, 60","""C=51 Y=88 M=29 K=16"" spot 51, 29, 88, 16","""L=68 A=-111 B=120"" 68, -111, 120",71
"48, 84, 77, 19 ""Fill 1 CMYK Swatch""","84, 64, 84","140, 93, 54","""C=92 Y=44 M=16 K=11"" spot 92, 16, 44, 11","""L=50 A=-123 B=13"" 50, -123, 13",58
"71, 5, 53, 2 global ""Fill 1 Global CMYK Swatch""","106, 71, 95","142, 62, 60","""C=74 Y=85 M=7 K=13"" spot 74, 7, 85, 13","""L=16 A=-74 B=-47"" 16, -74, -47",58
"20, 87, 40, 13 ""Fill 1 CMYK Swatch""","84, 71, 96","112, 85, 41","""C=13 Y=25 M=33 K=15"" spot 13, 33, 25, 15","""L=66 A=68 B=74"" 66, 68, 74",29
"49, 43, 22, 2 global ""Fill 1 Global CMYK Swatch""","254, 65, 68","53, 66, 55","""C=55 Y=89 M=52 K=1"" spot 55, 52, 89, 1","""L=91 A=109 B=-21"" 91, 109, -21",67
"69, 41, 3, 14 global ""Fill 1 Global CMYK Swatch""","3, 77, 61","290, 62, 60","""C=54 Y=37 M=65 K=17"" spot 54, 65, 37, 17","""L=50 A=-33 B=-18"" 50, -33, -18",37
"103, 175, 73 global ""Fill 1 Global RGB Swatch""","109, 78, 84","240, 67, 58","""C=53 Y=98 M=46 K=20"" spot 53, 46, 98, 20","""L=65 A=67 B=-106"" 65, 67, -106",71
"78, 91, 37, 12 global ""Fill 1 Global CMYK Swatch""","130, 97, 76","251, 61, 52","""C=28 Y=51 M=88 K=0"" spot 28, 88, 51, 0","""L=47 A=-56 B=122"" 47, -56, 122",4
"88, 78, 99, 13 global ""Fill 1 Global CMYK Swatch""","307, 88, 78","273, 80, 41","""C=95 Y=99 M=75 K=13"" spot 95, 75, 99, 13","""L=71 A=88 B=-81"" 71, 88, -81",63
"68, 88, 67, 9 ""Fill 1 CMYK Swatch""","34, 78, 74","163, 75, 43","""C=90 Y=92 M=64 K=6"" spot 90, 64, 92, 6","""L=9 A=-24 B=-75"" 9, -24, -75",19
"117, 233, 48 global ""Fill 1 Global RGB Swatch""","288, 96, 88","45, 56, 56","""C=60 Y=17 M=89 K=7"" spot 60, 89, 17, 7","""L=36 A=114 B=-112"" 36, 114, -112",16
"54, 61, 2, 19 ""Fill 1 CMYK Swatch""","257, 73, 87","182, 58, 50","""C=11 Y=16 M=37 K=12"" spot 11, 37, 16, 12","""L=46 A=97 B=7"" 46, 97, 7",44
"62, 84, 70, 20 global ""Fill 1 Global CMYK Swatch""","305, 74, 85","200, 79, 46","""C=89 Y=98 M=71 K=18"" spot 89, 71, 98, 18","""L=42 A=-99 B=-98"" 42, -99, -98",2
"36, 49, 249 global ""Fill 1 Global RGB Swatch""","83, 86, 89","20, 66, 40","""C=30 Y=12 M=62 K=18"" spot 30, 62, 12, 18","""L=55 A=5 B=-90"" 55, 5, -90",19
"61, 57, 43 ""Fill 1 RGB Swatch""","167, 69, 67","196, 70, 58","""C=45 Y=89 M=13 K=13"" spot 45, 13, 89, 13","""L=11 A=-76 B=73"" 11, -76, 73",59
"58, 174, 191 global ""Fill 1 Global RGB Swatch""","123, 94, 76","233, 61, 58","""C=81 Y=92 M=59 K=14"" spot 81, 59, 92, 14","""L=0 A=1 B=-112"" 0, 1, -112",62
"33, 75, 74, 3 ""Fill 1 CMYK Swatch""","320, 97, 87","199, 92, 44","""C=52 Y=38 M=56 K=5"" spot 52, 56, 38, 5","""L=83 A=-36 B=-79"" 83, -36, -79",41
"10, 9, 114 ""Fill 1 RGB Swatch""","75, 96, 93","359, 67, 51","""C=21 Y=100 M=44 K=11"" spot 21, 44, 100, 11","""L=31 A=71 B=-89"" 31, 71, -89",20
"31, 90, 60, 6 ""Fill 1 CMYK Swatch""","302, 85, 98","10, 57, 47","""C=12 Y=29 M=47 K=19"" spot 12, 47, 29, 19","""L=32 A=71 B=101"" 32, 71, 101",42
"63, 92, 85, 12 ""Fill 1 CMYK Swatch""","37, 76, 73","243, 94, 40","""C=47 Y=28 M=78 K=19"" spot 47, 78, 28, 19","""L=79 A=42 B=72"" 79, 42, 72",4
"227, 219, 72 global ""Fill 1 Global RGB Swatch""","217, 74, 92","311, 53, 56","""C=30 Y=79 M=40 K=8"" spot 30, 40, 79, 8","""L=22 A=60 B=-64"" 22, 60, -64",20
"89, 70, 7, 3 ""Fill 1 CMYK Swatch""","257, 99, 73","273, 63, 58","""C=74 Y=77 M=0 K=10"" spot 74, 0, 77, 10","""L=64 A=20 B=-118"" 64, 20, -118",32
"89, 36, 103 ""Fill 1 RGB Swatch""","165, 68, 98","165, 55, 55","""C=75 Y=22 M=40 K=6"" spot 75, 40, 22, 6","""L=18 A=-90 B=-78"" 18, -90, -78",74
"79, 23, 38 global ""Fill 1 Global RGB Swatch""","21, 93, 73","314, 57, 57","""C=38 Y=83 M=4 K=18"" spot 38, 4, 83, 18","""L=72 A=-83 B=56"" 72, -83, 56",56
"153, 109, 40 global ""Fill 1 Global RGB Swatch""","65, 64, 97","6, 67, 59","""C=98 Y=73 M=10 K=16"" spot 98, 10, 73, 16","""L=100 A=-46 B=82"" 100, -46, 82",94
"219, 249, 187 ""Fill 1 RGB Swatch""","349, 91, 75","296, 90, 55","""C=32 Y=84 M=1 K=19"" spot 32, 1, 84, 19","""L=12 A=66 B=-8"" 12, 66, -8",12
"65, 48, 73, 18 global ""Fill 1 Global CMYK Swatch""","259, 84, 62","101, 70, 48","""C=71 Y=76 M=36 K=18"" spot 71, 36, 76, 18","""L=87 A=65 B=-48"" 87, 65, -48",25
"183, 70, 97 ""Fill 1 RGB Swatch""","354, 69, 97","127, 68, 40","""C=52 Y=8 M=78 K=15"" spot 52, 78, 8, 15","""L=23 A=-48 B=92"" 23, -48, 92",54
"45, 17, 207 global ""Fill 1 Global RGB Swatch""","8, 62, 73","243, 83, 50","""C=80 Y=95 M=24 K=18"" spot 80, 24, 95, 18","""L=68 A=-80 B=123"" 68, -80, 123",48
"207, 177, 200 ""Fill 1 RGB Swatch""","28, 66, 90","8, 85, 49","""C=23 Y=45 M=23 K=12"" spot 23, 23, 45, 12","""L=89 A=-86 B=-34"" 89, -86, -34",44
"89, 1, 79, 2 global ""Fill 1 Global CMYK Swatch""","131, 79, 68","300, 70, 45","""C=25 Y=7 M=89 K=6"" spot 25, 89, 7, 6","""L=2 A=-58 B=-50"" 2, -58, -50",64
"247, 85, 225 global ""Fill 1 Global RGB Swatch""","203, 89, 87","143, 68, 50","""C=79 Y=86 M=83 K=19"" spot 79, 83, 86, 19","""L=34 A=76 B=97"" 34, 76, 97",56
"0, 65, 95, 2 global ""Fill 1 Global CMYK Swatch""","83, 80, 69","140, 88, 46","""C=58 Y=64 M=24 K=0"" spot 58, 24, 64, 0","""L=95 A=16 B=-107"" 95, 16, -107",2
"18, 73, 12, 16 global ""Fill 1 Global CMYK Swatch""","257, 84, 66","242, 76, 44","""C=34 Y=50 M=10 K=6"" spot 34, 10, 50, 6","""L=58 A=18 B=-106"" 58, 18, -106",37
"201, 197, 44 global ""Fill 1 Global RGB Swatch""","255, 77, 85","346, 55, 47","""C=76 Y=19 M=64 K=7"" spot 76, 64, 19, 7","""L=48 A=-2 B=-3"" 48, -2, -3",86
"58, 40, 49, 17 ""Fill 1 CMYK Swatch""","326, 71, 85","238, 96, 46","""C=45 Y=8 M=47 K=9"" spot 45, 47, 8, 9","""L=92 A=-11 B=-126"" 92, -11, -126",67
"153, 216, 236 ""Fill 1 RGB Swatch""","185, 61, 81","15, 83, 51","""C=71 Y=13 M=11 K=13"" spot 71, 11, 13, 13","""L=29 A=-36 B=-120"" 29, -36, -120",2
"28, 107, 227 ""Fill 1 RGB Swatch""","299, 89, 61","81, 78, 42","""C=37 Y=77 M=60 K=19"" spot 37, 60, 77, 19","""L=64 A=25 B=117"" 64, 25, 117",48
"140, 149, 74 global ""Fill 1 Global RGB Swatch""","268, 70, 85","331, 96, 55","""C=16 Y=6 M=35 K=16"" spot 16, 35, 6, 16","""L=67 A=107 B=-110"" 67, 107, -110",36
"27, 79, 68, 14 ""Fill 1 CMYK Swatch""","160, 74, 82","238, 54, 60","""C=40 Y=24 M=15 K=13"" spot 40, 15, 24, 13","""L=53 A=76 B=-51"" 53, 76, -51",87
"255, 61, 88 global ""Fill 1 Global RGB Swatch""","299, 80, 71","323, 53, 42","""C=58 Y=52 M=67 K=15"" spot 58, 67, 52, 15","""L=4 A=113 B=-109"" 4, 113, -109",54
"19, 15, 75 ""Fill 1 RGB Swatch""","352, 69, 100","201, 88, 48","""C=31 Y=85 M=51 K=19"" spot 31, 51, 85, 19","""L=80 A=80 B=65"" 80, 80, 65",91
"249, 32, 221 global ""Fill 1 Global RGB Swatch""","97, 66, 97","310, 73, 50","""C=90 Y=71 M=4 K=14"" spot 90, 4, 71, 14","""L=63 A=-48 B=95"" 63, -48, 95",29
"63, 171, 75 ""Fill 1 RGB Swatch""","151, 89, 61","268, 50, 55","""C=95 Y=53 M=43 K=13"" spot 95, 43, 53, 13","""L=43 A=-94 B=-66"" 43, -94, -66",4
"78, 91, 37, 8 ""Fill 1 CMYK Swatch""","95, 71, 97","257, 75, 41","""C=75 Y=37 M=0 K=1"" spot 75, 0, 37, 1","""L=28 A=-31 B=20"" 28, -31, 20",70
"57, 136, 141 global ""Fill 1 Global RGB Swatch""","247, 85, 97","79, 87, 52","""C=36 Y=7 M=0 K=2"" spot 36, 0, 7, 2","""L=9 A=-52 B=-30"" 9, -52, -30",92
"243, 204, 218 global ""Fill 1 Global RGB Swatch""","89, 65, 94","3, 98, 50","""C=18 Y=1 M=7 K=12"" spot 18, 7, 1, 12","""L=82 A=-15 B=99"" 82, -15, 99",52
"155, 51, 241 ""Fill 1 RGB Swatch""","109, 72, 87","187, 79, 44","""C=28 Y=36 M=86 K=5"" spot 28, 86, 36, 5","""L=86 A=102 B=80"" 86, 102, 80",85
"195, 214, 124 ""Fill 1 RGB Swatch""","21, 71, 87","305, 53, 58","""C=90 Y=10 M=100 K=0"" spot 90, 100, 10, 0","""L=71 A=-28 B=-21"" 71, -28, -21",37
"133, 200, 178 global ""Fill 1 Global RGB Swatch""","181, 69, 70","123, 95, 59","""C=24 Y=19 M=95 K=17"" spot 24, 95, 19, 17","""L=74 A=8 B=-121"" 74, 8, -121",76
"2, 243, 36 ""Fill 1 RGB Swatch""","133, 82, 87","205, 98, 40","""C=10 Y=63 M=84 K=16"" spot 10, 84, 63, 16","""L=89 A=-72 B=40"" 89, -72, 40",55
"81, 92, 10, 14 ""Fill 1 CMYK Swatch""","31, 93, 98","123, 72, 40","""C=34 Y=7 M=19 K=16"" spot 34, 19, 7, 16","""L=80 A=88 B=104"" 80, 88, 104",22
"93, 30, 73, 17 global ""Fill 1 Global CMYK Swatch""","263, 100, 69","215, 55, 56","""C=52 Y=25 M=25 K=7"" spot 52, 25, 25, 7","""L=3 A=63 B=103"" 3, 63, 103",30
"66, 71, 86, 17 ""Fill 1 CMYK Swatch""","87, 79, 65","328, 81, 53","""C=91 Y=92 M=16 K=7"" spot 91, 16, 92, 7","""L=82 A=-7 B=-34"" 82, -7, -34",32
"50, 60, 72, 4 global ""Fill 1 Global CMYK Swatch""","241, 70, 68","81, 72, 54","""C=40 Y=31 M=31 K=0"" spot 40, 31, 31, 0","""L=8 A=-89 B=94"" 8, -89, 94",37
"12, 39, 61, 16 ""Fill 1 CMYK Swatch""","298, 95, 91","338, 93, 41","""C=38 Y=7 M=99 K=17"" spot 38, 99, 7, 17","""L=9 A=84 B=96"" 9, 84, 96",3
"250, 14, 94 ""Fill 1 RGB Swatch""","152, 87, 91","83, 68, 44","""C=25 Y=1 M=91 K=10"" spot 25, 91, 1, 10","""L=27 A=-10 B=38"" 27, -10, 38",16
"55, 58, 60, 9 ""Fill 1 CMYK Swatch""","104, 81, 86","7, 57, 47","""C=7 Y=61 M=10 K=14"" spot 7, 10, 61, 14","""L=1 A=6 B=1"" 1, 6, 1",62
"80, 62, 19 ""Fill 1 RGB Swatch""","94, 79, 90","302, 96, 50","""C=29 Y=48 M=44 K=14"" spot 29, 44, 48, 14","""L=12 A=-31 B=-18"" 12, -31, -18",78
"242, 130, 10 ""Fill 1 RGB Swatch""","139, 67, 91","128, 73, 51","""C=57 Y=44 M=70 K=19"" spot 57, 70, 44, 19","""L=61 A=84 B=75"" 61, 84, 75",52
"31, 54, 4, 12 ""Fill 1 CMYK Swatch""","263, 88, 71","70, 69, 57","""C=70 Y=46 M=78 K=7"" spot 70, 78, 46, 7","""L=64 A=-28 B=16"" 64, -28, 16",52
"20, 64, 72, 11 ""Fill 1 CMYK Swatch""","289, 97, 66","337, 70, 51","""C=62 Y=67 M=75 K=6"" spot 62, 75, 67, 6","""L=58 A=126 B=76"" 58, 126, 76",11
"10, 37, 39, 6 global ""Fill 1 Global CMYK Swatch""","162, 77, 95","344, 57, 50","""C=2 Y=46 M=51 K=6"" spot 2, 51, 46, 6","""L=51 A=30 B=-78"" 51, 30, -78",39
"62, 7, 25, 9 global ""Fill 1 Global CMYK Swatch""","210, 76, 94","187, 83, 52","""C=82 Y=2 M=76 K=4"" spot 82, 76, 2, 4","""L=32 A=-124 B=55"" 32, -124, 55",53
"87, 5, 92, 7 global ""Fill 1 Global CMYK Swatch""","344, 76, 77","129, 50, 43","""C=34 Y=59 M=7 K=19"" spot 34, 7, 59, 19","""L=65 A=101 B=-108"" 65, 101, -108",83
"54, 9, 45, 13 global ""Fill 1 Global CMYK Swatch""","138, 92, 74","151, 78, 56","""C=6 Y=27 M=69 K=4"" spot 6, 69, 27, 4","""L=31 A=119 B=76"" 31, 119, 76",97
"205, 138, 135 ""Fill 1 RGB Swatch""","83, 96, 78","79, 63, 49","""C=91 Y=34 M=53 K=7"" spot 91, 53, 34, 7","""L=34 A=-107 B=-99"" 34, -107, -99",75
"60, 63, 30, 0 ""Fill 1 CMYK Swatch""","283, 77, 73","10, 57, 43","""C=18 Y=32 M=25 K=19"" spot 18, 25, 32, 19","""L=23 A=-73 B=-1"" 23, -73, -1",78
"12, 63, 27, 14 global ""Fill 1 Global CMYK Swatch""","353, 83, 84","334, 86, 40","""C=9 Y=60 M=48 K=3"" spot 9, 48, 60, 3","""L=20 A=-125 B=117"" 20, -125, 117",90
"46, 54, 62, 9 global ""Fill 1 Global CMYK Swatch""","76, 92, 73","311, 80, 58","""C=12 Y=27 M=48 K=14"" spot 12, 48, 27, 14","""L=13 A=96 B=-120"" 13, 96, -120",3
"220, 83, 29 global ""Fill 1 Global RGB Swatch""","89, 90, 77","108, 52, 52","""C=90 Y=60 M=99 K=10"" spot 90, 99, 60, 10","""L=84 A=-21 B=93"" 84, -21, 93",77
"23, 17, 55, 2 global ""Fill 1 Global CMYK Swatch""","67, 79, 76","70, 70, 55","""C=0 Y=26 M=28 K=17"" spot 0, 28, 26, 17","""L=27 A=112 B=-1"" 27, 112, -1",72
"34, 93, 169 ""Fill 1 RGB Swatch""","208, 89, 100","262, 76, 50","""C=24 Y=32 M=26 K=13"" spot 24, 26, 32, 13","""L=80 A=45 B=-33"" 80, 45, -33",3
"190, 92, 156 global ""Fill 1 Global RGB Swatch""","142, 77, 84","3, 62, 57","""C=33 Y=85 M=30 K=13"" spot 33, 30, 85, 13","""L=34 A=-32 B=-34"" 34, -32, -34",77
"96, 57, 6, 19 ""Fill 1 CMYK Swatch""","45, 65, 95","137, 60, 44","""C=89 Y=95 M=70 K=1"" spot 89, 70, 95, 1","""L=6 A=35 B=66"" 6, 35, 66",91
"120, 159, 252 ""Fill 1 RGB Swatch""","279, 69, 85","93, 67, 57","""C=39 Y=43 M=65 K=10"" spot 39, 65, 43, 10","""L=89 A=-76 B=57"" 89, -76, 57",14
"199, 167, 51 ""Fill 1 RGB Swatch""","214, 90, 71","280, 86, 51","""C=40 Y=78 M=24 K=18"" spot 40, 24, 78, 18","""L=56 A=36 B=48"" 56, 36, 48",65
"91, 37, 80, 10 ""Fill 1 CMYK Swatch""","176, 99, 98","159, 61, 46","""C=92 Y=76 M=90 K=0"" spot 92, 90, 76, 0","""L=86 A=47 B=-79"" 86, 47, -79",55